Survey year,Unitid,Institution name,Campus ID, Campus Name,Institution Size,Total unfounded crimes
2014,482185,Academy of Interactive Entertainment,1,Seattle Campus,77,0
2014,245883,Antioch University-Seattle,1,Main Campus,809,0
2014,235547,Bastyr University,1,Main Campus,1202,0
2014,235671,Bates Technical College,1,Downtown Campus,2907,0
2014,235671,Bates Technical College,2,South Campus,2907,0
2014,235671,Bates Technical College,3,Central Campus,2907,0
2014,234669,Bellevue College,1,Main Campus,13469,0
2014,234669,Bellevue College,2,North Campus,13469,0
2014,234696,Bellingham Technical College,1,Main Campus,2301,0
2014,234711,Big Bend Community College,1,Main Campus,2016,0
2014,236018,BJ's Beauty & Barber College,1,BJ's Beauty & Barber College,98,0
2014,262086,Brandman University,3,Brandman University - Bangor Campus,7795,0
2014,262086,Brandman University,7,Brandman University - Lacey Campus,7795,0
2014,262086,Brandman University,9,Brandman University - Ft. Lewis Campus,7795,0
2014,262086,Brandman University,10,Brandman University - McChord Field,7795,0
2014,262086,Brandman University,25,Brandman University - Whidbey Island Campus,7795,0
2014,439118,Carrington College-Spokane,1,Carrington College-Spokane,511,0
2014,439190,Cascadia College,1,Main Campus,2759,0
2014,234827,Central Washington University,1,Central Washington University,11799,0
2014,234827,Central Washington University,2,CWU-Yakima,11799,0
2014,234827,Central Washington University,3,CWU-Pierce,11799,0
2014,234827,Central Washington University,4,CWU-Lynnwood,11799,0
2014,234827,Central Washington University,7,CWU-Des Moines,11799,0
2014,234827,Central Washington University,8,CWU-Moses Lake,11799,0
2014,234827,Central Washington University,9,CWU-Wenatchee,11799,0
2014,234845,Centralia College,1,Centralia College,3317,0
2014,234845,Centralia College,2,Centralia College - East Campus,3317,0
2014,102845,Charter College,1,Charter College-Anchorage,3267,0
2014,102845,Charter College,2,Charter College - Wasilla,3267,0
2014,102845,Charter College,3,Charter College-Pasco,3267,0
2014,102845,Charter College,4,Charter College - Oxnard,3267,0
2014,102845,Charter College,6,Charter College-Vancouver,3267,0
2014,234915,City University of Seattle,2,Everett,2545,0
2014,234915,City University of Seattle,4,Renton,2545,0
2014,234915,City University of Seattle,6,Tacoma,2545,0
2014,234915,City University of Seattle,8,Vancouver,2545,0
2014,234915,City University of Seattle,10,Vancouver- B.C.,2545,0
2014,234915,City University of Seattle,11,Victoria- B.C.,2545,0
2014,234915,City University of Seattle,12,Calgary- AB,2545,0
2014,234915,City University of Seattle,13,Edmonton- AB,2545,0
2014,234915,City University of Seattle,17,Seattle - Main,2545,0
2014,234933,Clark College,1,Main Campus,10911,0
2014,234933,Clark College,2,Columbia Tech Center,10911,0
2014,234951,Clover Park Technical College,1,Lakewood Campus,3682,1
2014,234979,Columbia Basin College,1,Columbia Basin College,6385,0
2014,177065,Columbia College,26,Columbia College @ Marysville,16567,0
2014,177065,Columbia College,29,Columbia College @ NAS Whidbey Island,16567,0
2014,235024,Cornish College of the Arts,1,Cornish College of the Arts,767,0
2014,443410,DigiPen Institute of Technology,1,DigiPen,1018,0
2014,235088,Divers Institute of Technology,1,DIVERS INSTITUTE OF TECHNOLOGY,232,0
2014,235097,Eastern Washington University,1,EWU Main Campus,13453,1
2014,235103,Edmonds College,1,Main Campus,8993,0
2014,426314,Embry-Riddle Aeronautical University-Worldwide,30,Everett,14176,0
2014,426314,Embry-Riddle Aeronautical University-Worldwide,111,Seattle,14176,0
2014,426314,Embry-Riddle Aeronautical University-Worldwide,119,Spokane,14176,0
2014,426314,Embry-Riddle Aeronautical University-Worldwide,121,Tacoma,14176,0
2014,426314,Embry-Riddle Aeronautical University-Worldwide,131,Whidbey Island,14176,0
2014,177339,Evangel University,3,Evangel University - Kirkland,2006,0
2014,235149,Everett Community College,1,Everett Community College,7516,0
2014,235149,Everett Community College,2,School of Cosmetology Campus,7516,0
2014,235149,Everett Community College,3,Aviation Campus,7516,0
2014,235149,Everett Community College,4,Corporate and Continuing Education Campus,7516,0
2014,235149,Everett Community College,5,Monroe Center Campus,7516,0
2014,446260,Evergreen Beauty and Barber College-Everett,1,Main Campus,106,0
2014,446260,Evergreen Beauty and Barber College-Everett,2,Renton Campus,106,0
2014,443049,Faith International University,1,Main Campus,320,0
2014,458131,Gary Manuel Aveda Institute,1,Main Campus,323,0
2014,235307,Glen Dow Academy of Hair Design,1,Main Campus,151,0
2014,230889,Goddard College,2,Port Townsend,538,0
2014,235316,Gonzaga University,1,Main Campus,7352,0
2014,235316,Gonzaga University,2,Gonzaga-In-Florence,7352,0
2014,235334,Grays Harbor College,1,Main Campus,2006,0
2014,235334,Grays Harbor College,2,Riverview Education Center,2006,0
2014,235334,Grays Harbor College,3,Columbia Education Center,2006,0
2014,235343,Green River College,1,Main Campus,7915,0
2014,235343,Green River College,2,Kent Campus,7915,0
2014,235343,Green River College,3,Enumclaw Campus,7915,0
2014,235343,Green River College,4,Auburn Center,7915,0
2014,235422,Heritage University,1,Heritage University Main Campus,1241,0
2014,235583,Highlights Beauty Schools,1,Main Campus,197,0
2014,407708,Highlights Beauty Schools,1,Branch Campus,277,0
2014,235431,Highline College,1,Highline College,6443,0
2014,235501,International Air and Hospitality Academy,1,Main Campus,435,0
2014,235699,Lake Washington Institute of Technology,1,Kirkland Campus,3660,0
2014,235750,Lower Columbia College,1,Lower Columbia College,3208,0
2014,147369,Moody Bible Institute,2,Spokane,3967,0
2014,236072,North Seattle College,1,Main Campus,6493,0
2014,167358,Northeastern University,3,Seattle Campus,19798,0
2014,377546,Northwest College of Art & Design,1,Main,94,0
2014,434362,Northwest HVAC/R Training Center,1,Northwest HVAC/R Association & Training Center,39,0
2014,380377,Northwest Indian College,1,Lummi Campus,637,0
2014,458140,Northwest School of Wooden Boat Building,1,Main Campus,61,0
2014,236133,Northwest University,1,Northwest University,1862,0
2014,236188,Olympic College,1,Bremerton Campus,7349,0
2014,236188,Olympic College,2,Shelton,7349,0
2014,236188,Olympic College,3,Poulsbo,7349,0
2014,236230,Pacific Lutheran University,1,Main Campus,3242,0
2014,455406,Pacific Northwest University of Health Sciences,1,Main campus,431,0
2014,178721,Park University,11,Fairchild AFB,10792,0
2014,235158,Paroba College of Cosmetology,1,Paroba College of Cosmetology,93,0
2014,234924,Paul Mitchell the School-Richland,1,Paul Mitchell the School Richland,123,0
2014,462071,Paul Mitchell the School-Spokane,1,Paul Mitchell the School Spokane,224,0
2014,236258,Peninsula College,1,Main Campus,2342,0
2014,236258,Peninsula College,2,Forks Branch,2342,0
2014,236258,Peninsula College,3,Port Townsend Branch,2342,0
2014,236258,Peninsula College,4,North Olympic Peninsula Skills Center,2342,0
2014,236212,Perry Technical Institute,1,Perry Technical Institute,791,0
2014,235237,Pierce College District,1,Pierce College Fort Steilacoom,5927,0
2014,235237,Pierce College District,2,Pierce College at Joint Base Lewis-McChord- Army,5927,0
2014,235237,Pierce College District,3,Pierce College at Joint Base Lewis-McChord- Air Force,5927,0
2014,449074,Pima Medical Institute-Renton,1,Renton Campus,777,0
2014,368629,Pima Medical Institute-Seattle,1,Seattle Campus,760,0
2014,236382,Renton Technical College,1,Renton Technical College,3359,0
2014,236452,Saint Martin's University,1,Saint Martin's University Lacey Campus,1801,0
2014,236513,Seattle Central College,1,Seattle Central College,6773,1
2014,236513,Seattle Central College,2,Seattle Maritime Academy,6773,0
2014,236513,Seattle Central College,3,Seattle Central Wood Technology Center,6773,0
2014,439914,Seattle Institute of East Asian Medicine,1,Main Campus,42,0
2014,236577,Seattle Pacific University,1,Main Campus,4217,0
2014,236595,Seattle University,1,Main Campus,7273,0
2014,236610,Shoreline Community College,1,Shoreline Community College,6015,0
2014,236638,Skagit Valley College,1,Mount Vernon Campus,4993,0
2014,236638,Skagit Valley College,2,Whidbey Island Campus,4993,0
2014,236638,Skagit Valley College,4,San Juan Center,4993,0
2014,236638,Skagit Valley College,5,Marine Technology Center,4993,0
2014,236656,South Puget Sound Community College,1,Main Campus,4881,0
2014,236504,South Seattle College,1,South Seattle College,5535,0
2014,236504,South Seattle College,2,Georgetown Campus,5535,0
2014,236692,Spokane Community College,1,Main Campus,9974,0
2014,236692,Spokane Community College,2,SCC Colville,9974,0
2014,236692,Spokane Community College,3,SCC Inchelium,9974,0
2014,236692,Spokane Community College,4,SCC Newport,9974,0
2014,236692,Spokane Community College,5,SCC Republic,9974,0
2014,236692,Spokane Community College,7,SCC Ione,9974,0
2014,236708,Spokane Falls Community College,1,Main Campus,5970,0
2014,236708,Spokane Falls Community College,5,SFCC Pullman Campus,5970,0
2014,236744,Stylemaster College of Hair Design,1,Main Campus,77,0
2014,459550,Summit Salon Academy,1,Main Campus,135,0
2014,236753,Tacoma Community College,1,Tacoma Community College,7189,0
2014,235167,The Evergreen State College,1,Main Campus,4219,0
2014,235167,The Evergreen State College,2,Tacoma Campus,4219,0
2014,441131,The Seattle School of Theology & Psychology,1,The Seattle School of Theology & Psychology Main Campus,297,0
2014,484826,Tint School of Makeup & Cosmetology-Seattle,1,Tint School of Makeup & Cosmetology,95,0
2014,235352,Toni & Guy Hairdressing Academy-Shoreline,1,Evergreen Beauty College - Shoreline,35,0
2014,236328,University of Puget Sound,1,Main Campus,2826,0
2014,377555,University of Washington-Bothell Campus,1,Bothell Campus,4962,0
2014,236948,University of Washington-Seattle Campus,1,Main Campus,44784,2
2014,377564,University of Washington-Tacoma Campus,1,Tacoma Campus,4477,0
2014,451626,Victoria's Academy of Cosmetology,1,Victoria's Academy of Cosmetology,88,0
2014,236887,Walla Walla Community College,1,Walla Walla Campus,4851,0
2014,236887,Walla Walla Community College,2,Clarkston Center,4851,0
2014,236896,Walla Walla University,1,Main Campus,1887,0
2014,236896,Walla Walla University,2,Billings,1887,0
2014,236896,Walla Walla University,3,Missoula,1887,0
2014,236896,Walla Walla University,4,Rosario,1887,0
2014,236896,Walla Walla University,6,Portland,1887,0
2014,236939,Washington State University,1,Pullman Campus,28686,8
2014,236939,Washington State University,2,Vancouver Campus,28686,0
2014,236939,Washington State University,3,Spokane Campus,28686,0
2014,236939,Washington State University,4,Tri Cities,28686,0
2014,236975,Wenatchee Valley College,1,Main Campus,3510,0
2014,237011,Western Washington University,1,Bellingham Campus,15060,1
2014,237039,Whatcom Community College,1,Main Campus,4176,0
2014,237057,Whitman College,1,Whitman College,1498,0
2014,237066,Whitworth University,1,Main Campus,2654,1
2014,237109,Yakima Valley College,1,Main Campus,3950,0
2014,237109,Yakima Valley College,2,Grand View Campus,3950,0
2015,177834,A T Still University of Health Sciences,7,HealthPoint Campus,3357,0
2015,482185,Academy of Interactive Entertainment,1,Seattle Campus,106,0
2015,245883,Antioch University-Seattle,1,Main Campus,656,0
2015,487348,Aveda Institute Portland-Vancouver Campus,1,Aveda Institute Portland Vancouver Campus,109,0
2015,235547,Bastyr University,1,Main Campus,1264,0
2015,235547,Bastyr University,2,Bastyr University California,1264,0
2015,235671,Bates Technical College,1,Downtown Campus,3272,0
2015,235671,Bates Technical College,2,South Campus,3272,0
2015,235671,Bates Technical College,3,Central Campus,3272,0
2015,234669,Bellevue College,1,Main Campus,13398,0
2015,234669,Bellevue College,2,North Campus,13398,0
2015,234696,Bellingham Technical College,1,Main Campus,2403,0
2015,234711,Big Bend Community College,1,Main Campus,2070,0
2015,236018,BJ's Beauty & Barber College,1,BJ's Beauty & Barber College,77,0
2015,262086,Brandman University,3,Brandman University - Bangor Campus,8004,0
2015,262086,Brandman University,7,Brandman University - Lacey Campus,8004,0
2015,262086,Brandman University,9,Brandman University - Ft. Lewis Campus,8004,0
2015,262086,Brandman University,10,Brandman University - McChord Field,8004,0
2015,262086,Brandman University,25,Brandman University - Whidbey Island Campus,8004,0
2015,439118,Carrington College-Spokane,1,Carrington College-Spokane,413,0
2015,439190,Cascadia College,1,Main Campus,3497,0
2015,234827,Central Washington University,1,Central Washington University,11993,0
2015,234827,Central Washington University,2,CWU-Yakima,11993,0
2015,234827,Central Washington University,3,CWU-Pierce,11993,0
2015,234827,Central Washington University,4,CWU-Lynnwood,11993,0
2015,234827,Central Washington University,7,CWU-Des Moines,11993,0
2015,234827,Central Washington University,8,CWU-Moses Lake,11993,0
2015,234827,Central Washington University,9,CWU-Wenatchee,11993,0
2015,234845,Centralia College,1,Centralia College,3260,0
2015,234845,Centralia College,2,Centralia College - East Campus,3260,0
2015,102845,Charter College,1,Charter College-Anchorage,1945,0
2015,102845,Charter College,2,Charter College - Wasilla,1945,0
2015,102845,Charter College,3,Charter College-Pasco,1945,0
2015,102845,Charter College,4,Charter College - Oxnard,1945,0
2015,102845,Charter College,6,Charter College-Vancouver,1945,0
2015,102845,Charter College,7,Charter College - Fife,1945,0
2015,234915,City University of Seattle,2,Everett,2347,0
2015,234915,City University of Seattle,4,Renton,2347,0
2015,234915,City University of Seattle,6,Tacoma,2347,0
2015,234915,City University of Seattle,8,Vancouver,2347,0
2015,234915,City University of Seattle,10,Vancouver- B.C.,2347,0
2015,234915,City University of Seattle,11,Victoria- B.C.,2347,0
2015,234915,City University of Seattle,12,Calgary- AB,2347,0
2015,234915,City University of Seattle,13,Edmonton- AB,2347,0
2015,234915,City University of Seattle,17,Seattle - Main,2347,0
2015,234933,Clark College,1,Main Campus,10477,0
2015,234933,Clark College,2,Columbia Tech Center,10477,0
2015,234951,Clover Park Technical College,1,Lakewood Campus,3650,0
2015,234951,Clover Park Technical College,2,South Hill Campus,3650,0
2015,234979,Columbia Basin College,1,Columbia Basin College,6422,0
2015,177065,Columbia College,26,Columbia College @ Marysville,14759,0
2015,177065,Columbia College,29,Columbia College @ NAS Whidbey Island,14759,0
2015,235024,Cornish College of the Arts,1,Cornish College of the Arts,724,0
2015,443410,DigiPen Institute of Technology,1,DigiPen,1076,0
2015,235088,Divers Institute of Technology,1,DIVERS INSTITUTE OF TECHNOLOGY,233,0
2015,235097,Eastern Washington University,1,EWU Main Campus,12361,2
2015,235103,Edmonds College,1,Main Campus,8571,0
2015,426314,Embry-Riddle Aeronautical University-Worldwide,30,Everett,13740,0
2015,426314,Embry-Riddle Aeronautical University-Worldwide,111,Seattle,13740,0
2015,426314,Embry-Riddle Aeronautical University-Worldwide,119,Spokane,13740,0
2015,426314,Embry-Riddle Aeronautical University-Worldwide,121,Tacoma,13740,0
2015,426314,Embry-Riddle Aeronautical University-Worldwide,131,Whidbey Island,13740,0
2015,177339,Evangel University,3,Evangel University - Kirkland,1958,0
2015,235149,Everett Community College,1,Everett Community College,7505,0
2015,235149,Everett Community College,2,School of Cosmetology Campus,7505,0
2015,235149,Everett Community College,3,Aviation Campus,7505,0
2015,235149,Everett Community College,4,Corporate and Continuing Education Campus,7505,0
2015,235149,Everett Community College,5,Monroe Center Campus,7505,0
2015,446260,Evergreen Beauty and Barber College-Everett,1,Main Campus,128,0
2015,446260,Evergreen Beauty and Barber College-Everett,2,Renton Campus,128,0
2015,443049,Faith International University,1,Main Campus,370,0
2015,458131,Gary Manuel Aveda Institute,1,Main Campus,376,0
2015,235307,Glen Dow Academy of Hair Design,1,Main Campus,78,0
2015,230889,Goddard College,2,Port Townsend,512,0
2015,235316,Gonzaga University,1,Main Campus,7491,0
2015,235316,Gonzaga University,2,Gonzaga-In-Florence,7491,0
2015,235334,Grays Harbor College,1,Main Campus,1804,0
2015,235334,Grays Harbor College,2,Riverview Education Center,1804,0
2015,235334,Grays Harbor College,3,Columbia Education Center,1804,0
2015,235343,Green River College,1,Main Campus,8153,0
2015,235343,Green River College,2,Kent Campus,8153,0
2015,235343,Green River College,3,Enumclaw Campus,8153,0
2015,235343,Green River College,4,Auburn Center,8153,0
2015,235422,Heritage University,1,Heritage University Main Campus,1219,0
2015,235583,Highlights Beauty Schools,1,Main Campus,212,0
2015,407708,Highlights Beauty Schools,1,Branch Campus,242,0
2015,235431,Highline College,1,Highline College,6560,0
2015,235501,International Air and Hospitality Academy,1,Main Campus,122,0
2015,235699,Lake Washington Institute of Technology,1,Kirkland Campus,3531,0
2015,235750,Lower Columbia College,1,Lower Columbia College,2969,0
2015,147369,Moody Bible Institute,2,Spokane,3922,0
2015,236072,North Seattle College,1,Main Campus,6310,0
2015,167358,Northeastern University,3,Seattle Campus,19940,0
2015,377546,Northwest College of Art & Design,1,Main,100,0
2015,434362,Northwest HVAC/R Training Center,1,Northwest HVAC/R Association & Training Center,42,0
2015,380377,Northwest Indian College,1,Lummi Campus,641,0
2015,458140,Northwest School of Wooden Boat Building,1,Main Campus,62,0
2015,236133,Northwest University,1,Northwest University,1236,0
2015,487603,Northwest University-College of Adult and Professional Studies,1,Main Campus,813,0
2015,232982,Old Dominion University,22,ODU at Olympic College,24672,0
2015,236188,Olympic College,1,Bremerton Campus,7177,0
2015,236188,Olympic College,2,Shelton,7177,0
2015,236188,Olympic College,3,Poulsbo,7177,0
2015,236230,Pacific Lutheran University,1,Main Campus,3170,4
2015,455406,Pacific Northwest University of Health Sciences,1,Main campus,495,0
2015,178721,Park University,11,Fairchild AFB,11720,0
2015,235158,Paroba College of Cosmetology,1,Paroba College of Cosmetology,118,0
2015,234924,Paul Mitchell the School-Richland,1,Paul Mitchell the School Richland,114,0
2015,462071,Paul Mitchell the School-Spokane,1,Paul Mitchell the School Spokane,158,0
2015,236258,Peninsula College,1,Main Campus,2271,0
2015,236258,Peninsula College,2,Forks Branch,2271,0
2015,236258,Peninsula College,3,Port Townsend Branch,2271,0
2015,236258,Peninsula College,4,North Olympic Peninsula Skills Center,2271,0
2015,236212,Perry Technical Institute,1,Perry Technical Institute,825,0
2015,235237,Pierce College District,1,Pierce College Fort Steilacoom,5559,0
2015,235237,Pierce College District,2,Pierce College at Joint Base Lewis-McChord- Army,5559,0
2015,235237,Pierce College District,3,Pierce College at Joint Base Lewis-McChord- Air Force,5559,0
2015,449074,Pima Medical Institute-Renton,1,Renton Campus,763,0
2015,368629,Pima Medical Institute-Seattle,1,Seattle Campus,734,0
2015,236382,Renton Technical College,1,Renton Technical College,3961,0
2015,236452,Saint Martin's University,1,Saint Martin's University Lacey Campus,1719,0
2015,236513,Seattle Central College,1,Seattle Central College,6574,1
2015,236513,Seattle Central College,2,Seattle Maritime Academy,6574,0
2015,236513,Seattle Central College,3,Seattle Central Wood Technology Center,6574,0
2015,439914,Seattle Institute of East Asian Medicine,1,Main Campus,37,0
2015,236577,Seattle Pacific University,1,Main Campus,4204,0
2015,236595,Seattle University,1,Main Campus,7405,0
2015,236610,Shoreline Community College,1,Shoreline Community College,5751,0
2015,236638,Skagit Valley College,1,Mount Vernon Campus,5290,0
2015,236638,Skagit Valley College,2,Whidbey Island Campus,5290,0
2015,236638,Skagit Valley College,4,San Juan Center,5290,0
2015,236638,Skagit Valley College,5,Marine Technology Center,5290,0
2015,236638,Skagit Valley College,6,Cardinal Craft Brewing Academy,5290,0
2015,236656,South Puget Sound Community College,1,Main Campus,4839,0
2015,236504,South Seattle College,1,South Seattle College,6076,0
2015,236504,South Seattle College,2,Georgetown Campus,6076,0
2015,236692,Spokane Community College,1,Main Campus,10218,0
2015,236692,Spokane Community College,2,SCC Colville,10218,0
2015,236692,Spokane Community College,3,SCC Inchelium,10218,0
2015,236692,Spokane Community College,4,SCC Newport,10218,0
2015,236692,Spokane Community College,5,SCC Republic,10218,0
2015,236692,Spokane Community College,7,SCC Ione,10218,0
2015,236708,Spokane Falls Community College,1,Main Campus,5909,0
2015,236708,Spokane Falls Community College,5,SFCC Pullman Campus,5909,0
2015,485476,Studio Beauty School,1,Main Campus,41,0
2015,236744,Stylemaster College of Hair Design,1,Main Campus,72,0
2015,459550,Summit Salon Academy,1,Main Campus,132,0
2015,236753,Tacoma Community College,1,Tacoma Community College,7202,0
2015,235167,The Evergreen State College,1,Main Campus,4190,0
2015,235167,The Evergreen State College,2,Tacoma Campus,4190,0
2015,441131,The Seattle School of Theology & Psychology,1,The Seattle School of Theology & Psychology Main Campus,302,0
2015,484826,Tint School of Makeup & Cosmetology-Seattle,1,Tint School of Makeup & Cosmetology,69,0
2015,235352,Toni & Guy Hairdressing Academy-Shoreline,1,Evergreen Beauty College - Shoreline,48,0
2015,236328,University of Puget Sound,1,Main Campus,2774,0
2015,377555,University of Washington-Bothell Campus,1,Bothell Campus,5277,0
2015,236948,University of Washington-Seattle Campus,1,Main Campus,45408,2
2015,377564,University of Washington-Tacoma Campus,1,Tacoma Campus,4599,0
2015,451626,Victoria's Academy of Cosmetology,1,Victoria's Academy of Cosmetology,86,0
2015,236887,Walla Walla Community College,1,Walla Walla Campus,4617,0
2015,236887,Walla Walla Community College,2,Clarkston Center,4617,0
2015,236896,Walla Walla University,1,Main Campus,1840,0
2015,236896,Walla Walla University,2,Billings,1840,0
2015,236896,Walla Walla University,3,Missoula,1840,0
2015,236896,Walla Walla University,4,Rosario,1840,0
2015,236896,Walla Walla University,6,Portland,1840,0
2015,236939,Washington State University,1,Pullman Campus,29686,9
2015,236939,Washington State University,2,Vancouver Campus,29686,0
2015,236939,Washington State University,3,Spokane Campus,29686,0
2015,236939,Washington State University,4,Tri Cities,29686,0
2015,236975,Wenatchee Valley College,1,Main Campus,3218,0
2015,237011,Western Washington University,1,Bellingham Campus,15332,0
2015,237039,Whatcom Community College,1,Main Campus,4391,0
2015,237057,Whitman College,1,Whitman College,1470,0
2015,237066,Whitworth University,1,Main Campus,2650,0
2015,237109,Yakima Valley College,1,Main Campus,3960,0
2015,237109,Yakima Valley College,2,Grand View Campus,3960,0
2016,177834,A T Still University of Health Sciences,7,HealthPoint Campus,3569,0
2016,482185,Academy of Interactive Entertainment,1,Seattle Campus,129,0
2016,245883,Antioch University-Seattle,1,Main Campus,568,0
2016,487348,Aveda Institute Portland-Vancouver Campus,1,Aveda Institute Portland Vancouver Campus,129,0
2016,235547,Bastyr University,1,Main Campus,1247,0
2016,235547,Bastyr University,2,Bastyr University California,1247,0
2016,235547,Bastyr University,3,Seattle Clinic,1247,0
2016,235671,Bates Technical College,1,Downtown Campus,3291,0
2016,235671,Bates Technical College,2,South Campus,3291,0
2016,235671,Bates Technical College,3,Central Campus,3291,0
2016,234669,Bellevue College,1,Main Campus,13506,0
2016,234669,Bellevue College,2,North Campus,13506,0
2016,234696,Bellingham Technical College,1,Main Campus,2426,0
2016,234711,Big Bend Community College,1,Main Campus,2193,0
2016,236018,BJ's Beauty & Barber College,1,BJ's Beauty & Barber College,88,0
2016,262086,Brandman University,3,Brandman University - Bangor Campus,7331,0
2016,262086,Brandman University,7,Brandman University - Lacey Campus,7331,0
2016,262086,Brandman University,9,Brandman University - Ft. Lewis Campus,7331,0
2016,262086,Brandman University,10,Brandman University - McChord Field,7331,0
2016,262086,Brandman University,25,Brandman University - Whidbey Island Campus,7331,0
2016,439118,Carrington College-Spokane,1,Carrington College-Spokane,407,0
2016,439190,Cascadia College,1,Main Campus,3434,0
2016,234827,Central Washington University,1,Central Washington University,11971,2
2016,234827,Central Washington University,2,CWU-Yakima,11971,0
2016,234827,Central Washington University,3,CWU-Pierce,11971,0
2016,234827,Central Washington University,4,CWU-Lynnwood,11971,0
2016,234827,Central Washington University,7,CWU-Des Moines,11971,0
2016,234827,Central Washington University,8,CWU-Moses Lake,11971,0
2016,234827,Central Washington University,9,CWU-Wenatchee,11971,0
2016,234845,Centralia College,1,Centralia College,3265,0
2016,234845,Centralia College,2,Centralia College - East Campus,3265,0
2016,102845,Charter College,1,Charter College-Anchorage,2676,0
2016,102845,Charter College,2,Charter College - Wasilla,2676,0
2016,102845,Charter College,3,Charter College-Pasco,2676,0
2016,102845,Charter College,4,Charter College - Oxnard,2676,0
2016,102845,Charter College,6,Charter College-Vancouver,2676,0
2016,102845,Charter College,7,Charter College - Fife,2676,0
2016,102845,Charter College,8,Charter College-Lacey,2676,0
2016,102845,Charter College,9,Charter College-E Wenatchee,2676,0
2016,102845,Charter College,10,Charter College-Canyon Country,2676,0
2016,102845,Charter College,11,Charter College-Lancaster,2676,0
2016,102845,Charter College,12,Charter College - Yakima,2676,0
2016,234915,City University of Seattle,2,Everett,1874,0
2016,234915,City University of Seattle,4,Renton,1874,0
2016,234915,City University of Seattle,6,Tacoma,1874,0
2016,234915,City University of Seattle,8,Vancouver,1874,0
2016,234915,City University of Seattle,10,Vancouver- B.C.,1874,0
2016,234915,City University of Seattle,11,Victoria- B.C.,1874,0
2016,234915,City University of Seattle,12,Calgary- AB,1874,0
2016,234915,City University of Seattle,13,Edmonton- AB,1874,0
2016,234915,City University of Seattle,17,Seattle - Main,1874,0
2016,234933,Clark College,1,Main Campus,10318,0
2016,234933,Clark College,2,Columbia Tech Center,10318,0
2016,234951,Clover Park Technical College,1,Lakewood Campus,3978,2
2016,234951,Clover Park Technical College,2,South Hill Campus,3978,0
2016,234979,Columbia Basin College,1,Columbia Basin College,6489,0
2016,177065,Columbia College,26,Columbia College @ Marysville,16413,0
2016,177065,Columbia College,29,Columbia College @ NAS Whidbey Island,16413,0
2016,177065,Columbia College,43,Columbia College @ NS Everett,16413,0
2016,235024,Cornish College of the Arts,1,Cornish College of the Arts,674,0
2016,443410,DigiPen Institute of Technology,1,DigiPen,1062,0
2016,235088,Divers Institute of Technology,1,DIVERS INSTITUTE OF TECHNOLOGY,259,0
2016,235097,Eastern Washington University,1,EWU Main Campus,12279,2
2016,235103,Edmonds College,1,Main Campus,8348,0
2016,426314,Embry-Riddle Aeronautical University-Worldwide,30,Everett,14221,0
2016,426314,Embry-Riddle Aeronautical University-Worldwide,111,Seattle,14221,0
2016,426314,Embry-Riddle Aeronautical University-Worldwide,119,Spokane,14221,0
2016,426314,Embry-Riddle Aeronautical University-Worldwide,121,Tacoma,14221,0
2016,426314,Embry-Riddle Aeronautical University-Worldwide,131,Whidbey Island,14221,0
2016,177339,Evangel University,3,Evangel University - Kirkland,1821,0
2016,235149,Everett Community College,1,Everett Community College,7619,0
2016,235149,Everett Community College,2,School of Cosmetology Campus,7619,0
2016,235149,Everett Community College,3,Aviation Campus,7619,0
2016,235149,Everett Community College,4,Corporate and Continuing Education Campus,7619,0
2016,235149,Everett Community College,5,Monroe Center Campus,7619,0
2016,446260,Evergreen Beauty and Barber College-Everett,1,Main Campus,122,0
2016,446260,Evergreen Beauty and Barber College-Everett,2,Renton Campus,122,0
2016,443049,Faith International University,1,Main Campus,588,0
2016,488271,Fosbre Academy of Hair Design,1,Main Campus,12,0
2016,458131,Gary Manuel Aveda Institute,1,Main Campus,266,0
2016,235307,Glen Dow Academy of Hair Design,1,Main Campus,88,0
2016,230889,Goddard College,2,Port Townsend,505,0
2016,235316,Gonzaga University,1,Main Campus,7567,0
2016,235316,Gonzaga University,2,Gonzaga-In-Florence,7567,0
2016,235334,Grays Harbor College,1,Main Campus,1973,0
2016,235334,Grays Harbor College,2,Riverview Education Center,1973,0
2016,235334,Grays Harbor College,3,Columbia Education Center,1973,0
2016,235343,Green River College,1,Main Campus,8050,0
2016,235343,Green River College,2,Kent Campus,8050,0
2016,235343,Green River College,3,Enumclaw Campus,8050,0
2016,235343,Green River College,4,Auburn Center,8050,0
2016,235422,Heritage University,1,Heritage University Main Campus,1124,0
2016,235583,Highlights Beauty Schools,1,Main Campus,164,0
2016,407708,Highlights Beauty Schools,1,Branch Campus,199,0
2016,235431,Highline College,1,Highline College,6750,0
2016,235501,International Air and Hospitality Academy,1,Main Campus,85,1
2016,488378,International Beauty Education Center,1,International Beauty Education Center,23,0
2016,235699,Lake Washington Institute of Technology,1,Kirkland Campus,3652,0
2016,235750,Lower Columbia College,1,Lower Columbia College,2787,0
2016,147369,Moody Bible Institute,2,Spokane,3601,0
2016,236072,North Seattle College,1,Main Campus,6266,4
2016,167358,Northeastern University,3,Seattle Campus,20381,0
2016,377546,Northwest College of Art & Design,1,Main,98,0
2016,434362,Northwest HVAC/R Training Center,1,Northwest HVAC/R Association & Training Center,46,0
2016,380377,Northwest Indian College,1,Lummi Campus,579,0
2016,380377,Northwest Indian College,2,Muckleshoot Extended Site,579,0
2016,380377,Northwest Indian College,3,Nez Perce Extended Site,579,0
2016,380377,Northwest Indian College,4,Nisqually Extended Site,579,0
2016,380377,Northwest Indian College,5,Port Gamble Sklallum Extended Site,579,0
2016,380377,Northwest Indian College,6,Swinomish Extended Site,579,0
2016,380377,Northwest Indian College,7,Tulalip Extended Site,579,0
2016,458140,Northwest School of Wooden Boat Building,1,Main Campus,39,0
2016,236133,Northwest University,1,Northwest University,1226,0
2016,487603,Northwest University-College of Adult and Professional Studies,1,Main Campus,966,0
2016,232982,Old Dominion University,22,ODU at Olympic College,24322,0
2016,236188,Olympic College,1,Bremerton Campus,6527,0
2016,236188,Olympic College,2,Shelton,6527,0
2016,236188,Olympic College,3,Poulsbo,6527,0
2016,236230,Pacific Lutheran University,1,Main Campus,3070,0
2016,455406,Pacific Northwest University of Health Sciences,1,Main campus,568,0
2016,178721,Park University,11,Fairchild AFB,11227,0
2016,235158,Paroba College of Cosmetology,1,Paroba College of Cosmetology,141,0
2016,234924,Paul Mitchell the School-Richland,1,Paul Mitchell the School Richland,158,0
2016,462071,Paul Mitchell the School-Spokane,1,Paul Mitchell the School Spokane,166,0
2016,236258,Peninsula College,1,Main Campus,2173,0
2016,236258,Peninsula College,2,Forks Branch,2173,0
2016,236258,Peninsula College,3,Port Townsend Branch,2173,0
2016,236258,Peninsula College,4,North Olympic Peninsula Skills Center,2173,0
2016,236212,Perry Technical Institute,1,Perry Technical Institute,837,0
2016,235237,Pierce College District,1,Pierce College Fort Steilacoom,6068,0
2016,235237,Pierce College District,2,Pierce College at Joint Base Lewis-McChord- Army,6068,0
2016,235237,Pierce College District,3,Pierce College at Joint Base Lewis-McChord- Air Force,6068,0
2016,449074,Pima Medical Institute-Renton,1,Renton Campus,689,3
2016,368629,Pima Medical Institute-Seattle,1,Seattle Campus,607,0
2016,236382,Renton Technical College,1,Renton Technical College,3587,0
2016,236452,Saint Martin's University,1,Saint Martin's University Lacey Campus,1586,0
2016,236513,Seattle Central College,1,Seattle Central College,6705,0
2016,236513,Seattle Central College,2,Seattle Maritime Academy,6705,0
2016,236513,Seattle Central College,3,Seattle Central Wood Technology Center,6705,0
2016,236513,Seattle Central College,4,Seattle Vocational Institute,6705,0
2016,439914,Seattle Institute of East Asian Medicine,1,Main Campus,22,0
2016,236577,Seattle Pacific University,1,Main Campus,4061,0
2016,236595,Seattle University,1,Main Campus,7487,0
2016,236610,Shoreline Community College,1,Shoreline Community College,5805,0
2016,236638,Skagit Valley College,1,Mount Vernon Campus,5086,0
2016,236638,Skagit Valley College,2,Whidbey Island Campus,5086,0
2016,236638,Skagit Valley College,4,San Juan Center,5086,0
2016,236638,Skagit Valley College,5,Marine Technology Center,5086,0
2016,236638,Skagit Valley College,6,Cardinal Craft Brewing Academy,5086,0
2016,236656,South Puget Sound Community College,1,Main Campus,4861,0
2016,236656,South Puget Sound Community College,3,SPSCC Lacey Campus,4861,0
2016,236504,South Seattle College,1,South Seattle College,6346,0
2016,236504,South Seattle College,2,Georgetown Campus,6346,0
2016,236692,Spokane Community College,1,Main Campus,10100,0
2016,236692,Spokane Community College,2,SCC Colville,10100,0
2016,236692,Spokane Community College,3,SCC Inchelium,10100,0
2016,236692,Spokane Community College,4,SCC Newport,10100,0
2016,236692,Spokane Community College,5,SCC Republic,10100,0
2016,236692,Spokane Community College,7,SCC Ione,10100,0
2016,236708,Spokane Falls Community College,1,Main Campus,5639,0
2016,236708,Spokane Falls Community College,5,SFCC Pullman Campus,5639,0
2016,485476,Studio Beauty School,1,Main Campus,52,0
2016,236744,Stylemaster College of Hair Design,1,Main Campus,78,0
2016,459550,Summit Salon Academy,1,Main Campus,123,0
2016,236753,Tacoma Community College,1,Tacoma Community College,6699,0
2016,235167,The Evergreen State College,1,Main Campus,4089,0
2016,235167,The Evergreen State College,2,Tacoma Campus,4089,0
2016,441131,The Seattle School of Theology & Psychology,1,The Seattle School of Theology & Psychology Main Campus,300,0
2016,484826,Tint School of Makeup & Cosmetology-Seattle,1,Tint School of Makeup & Cosmetology,114,0
2016,235352,Toni & Guy Hairdressing Academy-Shoreline,1,Evergreen Beauty College - Shoreline,78,0
2016,236328,University of Puget Sound,1,Main Campus,2791,0
2016,377555,University of Washington-Bothell Campus,1,Bothell Campus,5734,0
2016,236948,University of Washington-Seattle Campus,1,Main Campus,45591,0
2016,377564,University of Washington-Tacoma Campus,1,Tacoma Campus,4987,0
2016,451626,Victoria's Academy of Cosmetology,1,Victoria's Academy of Cosmetology,82,0
2016,236887,Walla Walla Community College,1,Walla Walla Campus,4327,0
2016,236887,Walla Walla Community College,2,Clarkston Center,4327,0
2016,236896,Walla Walla University,1,Main Campus,1894,0
2016,236896,Walla Walla University,2,Billings,1894,0
2016,236896,Walla Walla University,3,Missoula,1894,0
2016,236896,Walla Walla University,4,Rosario,1894,0
2016,236896,Walla Walla University,6,Portland,1894,0
2016,236939,Washington State University,1,Pullman Campus,30142,9
2016,236939,Washington State University,2,Vancouver Campus,30142,0
2016,236939,Washington State University,3,Spokane Campus,30142,0
2016,236939,Washington State University,4,Tri Cities,30142,0
2016,236975,Wenatchee Valley College,1,Main Campus,3440,0
2016,237011,Western Washington University,1,Bellingham Campus,15574,0
2016,237039,Whatcom Community College,1,Main Campus,4507,0
2016,237057,Whitman College,1,Whitman College,1493,0
2016,237066,Whitworth University,1,Main Campus,2634,0
2016,237109,Yakima Valley College,1,Main Campus,4101,0
2016,237109,Yakima Valley College,2,Grand View Campus,4101,0
2017,177834,A T Still University of Health Sciences,7,HealthPoint Campus,3723,0
2017,482185,Academy of Interactive Entertainment,1,Seattle Campus,142,0
2017,245883,Antioch University-Seattle,1,Main Campus,614,0
2017,487348,Aveda Institute Portland-Vancouver Campus,1,Aveda Institute Portland Vancouver Campus,129,0
2017,235547,Bastyr University,1,Main Campus,1195,0
2017,235547,Bastyr University,2,Bastyr University California,1195,0
2017,235547,Bastyr University,3,Seattle Clinic,1195,0
2017,235671,Bates Technical College,1,Downtown Campus,3448,0
2017,235671,Bates Technical College,2,South Campus,3448,0
2017,235671,Bates Technical College,3,Central Campus,3448,0
2017,234669,Bellevue College,1,Main Campus,13322,0
2017,234669,Bellevue College,2,North Campus,13322,0
2017,234696,Bellingham Technical College,1,Main Campus,2392,0
2017,234711,Big Bend Community College,1,Main Campus,1975,0
2017,236018,BJ's Beauty & Barber College,1,BJ's Beauty & Barber College,64,0
2017,262086,Brandman University,3,Brandman University - Bangor Campus,7812,0
2017,262086,Brandman University,7,Brandman University - Lacey Campus,7812,0
2017,262086,Brandman University,9,Brandman University - Ft. Lewis Campus,7812,0
2017,262086,Brandman University,10,Brandman University - McChord Field,7812,0
2017,262086,Brandman University,25,Brandman University - Whidbey Island Campus,7812,0
2017,439118,Carrington College-Spokane,1,Carrington College-Spokane,385,0
2017,439190,Cascadia College,1,Main Campus,3425,0
2017,234827,Central Washington University,1,Central Washington University,12901,1
2017,234827,Central Washington University,2,CWU-Yakima,12901,0
2017,234827,Central Washington University,3,CWU-Pierce,12901,0
2017,234827,Central Washington University,4,CWU-Lynnwood,12901,0
2017,234827,Central Washington University,7,CWU-Des Moines,12901,0
2017,234827,Central Washington University,8,CWU-Moses Lake,12901,0
2017,234827,Central Washington University,9,CWU-Wenatchee,12901,0
2017,234827,Central Washington University,13,JBLM (JOINT BASE LEWIS-MCCHORD),12901,0
2017,234845,Centralia College,1,Centralia College,3122,0
2017,234845,Centralia College,2,Centralia College - East Campus,3122,0
2017,102845,Charter College,1,Charter College-Anchorage,2664,0
2017,102845,Charter College,2,Charter College - Wasilla,2664,0
2017,102845,Charter College,3,Charter College-Pasco,2664,0
2017,102845,Charter College,4,Charter College - Oxnard,2664,0
2017,102845,Charter College,6,Charter College-Vancouver,2664,0
2017,102845,Charter College,7,Charter College - Fife,2664,0
2017,102845,Charter College,8,Charter College-Lacey,2664,0
2017,102845,Charter College,9,Charter College-E Wenatchee,2664,0
2017,102845,Charter College,10,Charter College-Canyon Country,2664,0
2017,102845,Charter College,11,Charter College-Lancaster,2664,0
2017,102845,Charter College,12,Charter College - Yakima,2664,0
2017,102845,Charter College,13,Charter College - Billings,2664,0
2017,102845,Charter College,14,Charter College - Missoula,2664,0
2017,102845,Charter College,15,Charter College - Charter Institute Farmington,2664,0
2017,234915,City University of Seattle,2,Everett,2199,0
2017,234915,City University of Seattle,4,Renton,2199,0
2017,234915,City University of Seattle,6,Tacoma,2199,0
2017,234915,City University of Seattle,8,Vancouver,2199,0
2017,234915,City University of Seattle,10,Vancouver- B.C.,2199,0
2017,234915,City University of Seattle,11,Victoria- B.C.,2199,0
2017,234915,City University of Seattle,12,Calgary- AB,2199,0
2017,234915,City University of Seattle,13,Edmonton- AB,2199,0
2017,234915,City University of Seattle,17,Seattle - Main,2199,0
2017,234933,Clark College,1,Main Campus,10000,0
2017,234933,Clark College,2,Columbia Tech Center,10000,0
2017,234951,Clover Park Technical College,1,Lakewood Campus,3883,0
2017,234951,Clover Park Technical College,2,South Hill Campus,3883,0
2017,234979,Columbia Basin College,1,Columbia Basin College,6708,0
2017,177065,Columbia College,26,Columbia College @ Marysville,13492,0
2017,177065,Columbia College,29,Columbia College @ NAS Whidbey Island,13492,0
2017,177065,Columbia College,43,Columbia College @ NS Everett,13492,0
2017,235024,Cornish College of the Arts,1,Cornish College of the Arts,658,0
2017,443410,DigiPen Institute of Technology,1,DigiPen,1102,0
2017,235088,Divers Institute of Technology,1,DIVERS INSTITUTE OF TECHNOLOGY,242,0
2017,235097,Eastern Washington University,1,EWU Main Campus,12607,2
2017,235103,Edmonds College,1,Main Campus,8100,0
2017,490294,Elite Cosmetology- Barber & Spa Academy,1,Main Campus,104,0
2017,426314,Embry-Riddle Aeronautical University-Worldwide,30,Everett,14519,0
2017,426314,Embry-Riddle Aeronautical University-Worldwide,111,Seattle,14519,0
2017,426314,Embry-Riddle Aeronautical University-Worldwide,119,Spokane,14519,0
2017,426314,Embry-Riddle Aeronautical University-Worldwide,121,Tacoma,14519,0
2017,426314,Embry-Riddle Aeronautical University-Worldwide,131,Whidbey Island,14519,0
2017,177339,Evangel University,3,Evangel University - Kirkland,2112,0
2017,235149,Everett Community College,1,Everett Community College,7740,0
2017,235149,Everett Community College,2,School of Cosmetology Campus,7740,0
2017,235149,Everett Community College,3,Aviation Campus,7740,0
2017,235149,Everett Community College,4,Corporate and Continuing Education Campus,7740,0
2017,235149,Everett Community College,5,Monroe Center Campus,7740,0
2017,446260,Evergreen Beauty and Barber College-Everett,1,Main Campus,165,0
2017,446260,Evergreen Beauty and Barber College-Everett,2,Renton Campus,165,0
2017,443049,Faith International University,1,Main Campus,288,0
2017,488271,Fosbre Academy of Hair Design,1,Main Campus,100,0
2017,458131,Gary Manuel Aveda Institute,1,Main Campus,136,0
2017,235307,Glen Dow Academy of Hair Design,1,Main Campus,106,0
2017,230889,Goddard College,2,Port Townsend,496,0
2017,235316,Gonzaga University,1,Main Campus,7506,0
2017,235316,Gonzaga University,2,Gonzaga-In-Florence,7506,0
2017,235334,Grays Harbor College,1,Main Campus,1971,0
2017,235334,Grays Harbor College,2,Riverview Education Center,1971,0
2017,235334,Grays Harbor College,3,Columbia Education Center,1971,0
2017,235343,Green River College,1,Main Campus,8048,0
2017,235343,Green River College,2,Kent Campus,8048,0
2017,235343,Green River College,3,Enumclaw Campus,8048,0
2017,235343,Green River College,4,Auburn Center,8048,0
2017,235422,Heritage University,1,Heritage University Main Campus,1044,0
2017,235583,Highlights Beauty Schools,1,Main Campus,145,0
2017,407708,Highlights Beauty Schools,1,Branch Campus,203,0
2017,235431,Highline College,1,Highline College,6824,0
2017,235501,International Air and Hospitality Academy,1,Main Campus,126,1
2017,488378,International Beauty Education Center,1,International Beauty Education Center,32,0
2017,235699,Lake Washington Institute of Technology,1,Kirkland Campus,3697,0
2017,235750,Lower Columbia College,1,Lower Columbia College,2935,1
2017,147369,Moody Bible Institute,2,Spokane,3442,0
2017,236072,North Seattle College,1,Main Campus,6259,0
2017,167358,Northeastern University,3,Seattle Campus,21489,0
2017,377546,Northwest College of Art & Design,1,Main,85,0
2017,434362,Northwest HVAC/R Training Center,1,Northwest HVAC/R Association & Training Center,48,0
2017,380377,Northwest Indian College,1,Lummi Campus,544,0
2017,380377,Northwest Indian College,2,Muckleshoot Extended Site,544,0
2017,380377,Northwest Indian College,3,Nez Perce Extended Site,544,0
2017,380377,Northwest Indian College,4,Nisqually Extended Site,544,0
2017,380377,Northwest Indian College,5,Port Gamble Sklallum Extended Site,544,0
2017,380377,Northwest Indian College,6,Swinomish Extended Site,544,0
2017,380377,Northwest Indian College,7,Tulalip Extended Site,544,0
2017,458140,Northwest School of Wooden Boat Building,1,Main Campus,48,0
2017,236133,Northwest University,1,Northwest University,1250,0
2017,487603,Northwest University-College of Adult and Professional Studies,1,Main Campus,1116,0
2017,232982,Old Dominion University,22,ODU at Olympic College,24375,0
2017,236188,Olympic College,1,Bremerton Campus,6476,0
2017,236188,Olympic College,2,Shelton,6476,0
2017,236188,Olympic College,3,Poulsbo,6476,0
2017,236230,Pacific Lutheran University,1,Main Campus,3122,0
2017,455406,Pacific Northwest University of Health Sciences,1,Main campus,573,0
2017,178721,Park University,11,Fairchild AFB,11457,0
2017,235158,Paroba College of Cosmetology,1,Paroba College of Cosmetology,138,0
2017,234924,Paul Mitchell the School-Richland,1,Paul Mitchell the School Richland,174,0
2017,462071,Paul Mitchell the School-Spokane,1,Paul Mitchell the School Spokane,173,0
2017,236258,Peninsula College,1,Main Campus,2094,0
2017,236258,Peninsula College,2,Forks Branch,2094,0
2017,236258,Peninsula College,3,Port Townsend Branch,2094,0
2017,236258,Peninsula College,4,North Olympic Peninsula Skills Center,2094,0
2017,236212,Perry Technical Institute,1,Perry Technical Institute,842,0
2017,235237,Pierce College District,1,Pierce College Fort Steilacoom,6048,0
2017,235237,Pierce College District,2,Pierce College at Joint Base Lewis-McChord- Army,6048,0
2017,235237,Pierce College District,3,Pierce College at Joint Base Lewis-McChord- Air Force,6048,0
2017,449074,Pima Medical Institute-Renton,1,Renton Campus,688,3
2017,368629,Pima Medical Institute-Seattle,1,Seattle Campus,630,0
2017,236382,Renton Technical College,1,Renton Technical College,3763,0
2017,236452,Saint Martin's University,1,Saint Martin's University Lacey Campus,1565,0
2017,236513,Seattle Central College,1,Seattle Central College,6928,0
2017,236513,Seattle Central College,2,Seattle Maritime Academy,6928,0
2017,236513,Seattle Central College,3,Seattle Central Wood Technology Center,6928,0
2017,236513,Seattle Central College,4,Seattle Vocational Institute,6928,0
2017,236513,Seattle Central College,5,Health Education Center,6928,0
2017,488448,Seattle Film Institute,1,Main Campus,113,0
2017,439914,Seattle Institute of East Asian Medicine,1,Main Campus,27,0
2017,236577,Seattle Pacific University,1,Main Campus,3783,0
2017,236595,Seattle University,1,Main Campus,7278,0
2017,236610,Shoreline Community College,1,Shoreline Community College,6128,0
2017,236638,Skagit Valley College,1,Mount Vernon Campus,4670,0
2017,236638,Skagit Valley College,2,Whidbey Island Campus,4670,0
2017,236638,Skagit Valley College,4,San Juan Center,4670,0
2017,236638,Skagit Valley College,5,Marine Technology Center,4670,0
2017,236638,Skagit Valley College,6,Cardinal Craft Brewing Academy,4670,0
2017,236656,South Puget Sound Community College,1,Main Campus,4951,0
2017,236656,South Puget Sound Community College,3,SPSCC Lacey Campus,4951,0
2017,236504,South Seattle College,1,South Seattle College,6716,0
2017,236504,South Seattle College,2,Georgetown Campus,6716,0
2017,137564,Southeastern University,12,Puyallup Campus,7163,0
2017,236692,Spokane Community College,1,Main Campus,10014,0
2017,236692,Spokane Community College,2,SCC Colville,10014,0
2017,236692,Spokane Community College,3,SCC Inchelium,10014,0
2017,236692,Spokane Community College,4,SCC Newport,10014,0
2017,236692,Spokane Community College,5,SCC Republic,10014,0
2017,236692,Spokane Community College,7,SCC Ione,10014,0
2017,236708,Spokane Falls Community College,1,Main Campus,5589,0
2017,236708,Spokane Falls Community College,5,SFCC Pullman Campus,5589,5
2017,485476,Studio Beauty School,1,Main Campus,52,0
2017,236744,Stylemaster College of Hair Design,1,Main Campus,69,0
2017,459550,Summit Salon Academy,1,Main Campus,108,0
2017,236753,Tacoma Community College,1,Tacoma Community College,6496,0
2017,235167,The Evergreen State College,1,Main Campus,3907,0
2017,235167,The Evergreen State College,2,Tacoma Campus,3907,0
2017,441131,The Seattle School of Theology & Psychology,1,The Seattle School of Theology & Psychology Main Campus,275,0
2017,484826,Tint School of Makeup & Cosmetology-Seattle,1,Tint School of Makeup & Cosmetology,74,0
2017,235352,Toni & Guy Hairdressing Academy-Shoreline,1,Evergreen Beauty College - Shoreline,79,0
2017,236328,University of Puget Sound,1,Main Campus,2701,0
2017,377555,University of Washington-Bothell Campus,1,Bothell Campus,5981,0
2017,236948,University of Washington-Seattle Campus,1,Main Campus,46166,1
2017,377564,University of Washington-Tacoma Campus,1,Tacoma Campus,5162,0
2017,451626,Victoria's Academy of Cosmetology,1,Victoria's Academy of Cosmetology,114,0
2017,236887,Walla Walla Community College,1,Walla Walla Campus,4253,0
2017,236887,Walla Walla Community College,2,Clarkston Center,4253,0
2017,236896,Walla Walla University,1,Main Campus,1825,0
2017,236896,Walla Walla University,2,Billings,1825,0
2017,236896,Walla Walla University,3,Missoula,1825,0
2017,236896,Walla Walla University,4,Rosario,1825,0
2017,236896,Walla Walla University,6,Portland,1825,0
2017,236939,Washington State University,1,Pullman Campus,30614,11
2017,236939,Washington State University,2,Vancouver Campus,30614,0
2017,236939,Washington State University,3,Spokane Campus,30614,0
2017,236939,Washington State University,4,Tri Cities,30614,0
2017,236975,Wenatchee Valley College,1,Main Campus,3556,1
2017,237011,Western Washington University,1,Bellingham Campus,15915,0
2017,237039,Whatcom Community College,1,Main Campus,4411,0
2017,237057,Whitman College,1,Whitman College,1510,0
2017,237066,Whitworth University,1,Main Campus,2627,0
2017,237109,Yakima Valley College,1,Main Campus,4007,0
2017,237109,Yakima Valley College,2,Grand View Campus,4007,0
2018,177834,A T Still University of Health Sciences,7,HealthPoint Campus,3717,0
2018,482185,Academy of Interactive Entertainment,1,Seattle Campus,147,0
2018,245883,Antioch University-Seattle,1,Main Campus,605,0
2018,487348,Aveda Institute Portland-Vancouver Campus,1,Aveda Institute Portland Vancouver Campus,121,0
2018,235547,Bastyr University,1,Main Campus,1098,0
2018,235547,Bastyr University,2,Bastyr University California,1098,0
2018,235547,Bastyr University,3,Seattle Clinic,1098,0
2018,235671,Bates Technical College,1,Downtown Campus,4445,0
2018,235671,Bates Technical College,2,South Campus,4445,0
2018,235671,Bates Technical College,3,Central Campus,4445,0
2018,234669,Bellevue College,1,Main Campus,13226,0
2018,234669,Bellevue College,2,North Campus,13226,0
2018,234696,Bellingham Technical College,1,Main Campus,2316,0
2018,234711,Big Bend Community College,1,Main Campus,2044,0
2018,236018,BJ's Beauty & Barber College,1,BJ's Beauty & Barber College,74,0
2018,262086,Brandman University,3,Brandman University - Bangor Campus,8766,0
2018,262086,Brandman University,7,Brandman University - Lacey Campus,8766,0
2018,262086,Brandman University,9,Brandman University - Ft. Lewis Campus,8766,0
2018,262086,Brandman University,10,Brandman University - McChord Field,8766,0
2018,262086,Brandman University,25,Brandman University - Whidbey Island Campus,8766,0
2018,439118,Carrington College-Spokane,1,Carrington College-Spokane,337,0
2018,439190,Cascadia College,1,Main Campus,3396,0
2018,234827,Central Washington University,1,Central Washington University,12342,0
2018,234827,Central Washington University,2,CWU-Yakima,12342,0
2018,234827,Central Washington University,3,CWU-Pierce,12342,0
2018,234827,Central Washington University,4,CWU-Lynnwood,12342,0
2018,234827,Central Washington University,7,CWU-Des Moines,12342,0
2018,234827,Central Washington University,8,CWU-Moses Lake,12342,0
2018,234827,Central Washington University,9,CWU-Wenatchee,12342,0
2018,234827,Central Washington University,13,JBLM (JOINT BASE LEWIS-MCCHORD),12342,0
2018,234827,Central Washington University,14,CWU-Sammamish,12342,0
2018,234845,Centralia College,1,Centralia College,3167,0
2018,234845,Centralia College,2,Centralia College - East Campus,3167,0
2018,102845,Charter College,1,Charter College-Anchorage,2853,0
2018,102845,Charter College,2,Charter College - Wasilla,2853,0
2018,102845,Charter College,3,Charter College-Pasco,2853,0
2018,102845,Charter College,4,Charter College - Oxnard,2853,0
2018,102845,Charter College,6,Charter College-Vancouver,2853,0
2018,102845,Charter College,7,Charter College - Fife,2853,0
2018,102845,Charter College,8,Charter College-Lacey,2853,0
2018,102845,Charter College,9,Charter College-E Wenatchee,2853,0
2018,102845,Charter College,10,Charter College-Canyon Country,2853,0
2018,102845,Charter College,11,Charter College-Lancaster,2853,0
2018,102845,Charter College,12,Charter College - Yakima,2853,0
2018,102845,Charter College,13,Charter College - Billings,2853,0
2018,102845,Charter College,14,Charter College - Missoula,2853,0
2018,102845,Charter College,15,Charter College - Charter Institute Farmington,2853,0
2018,234915,City University of Seattle,2,Everett,2113,0
2018,234915,City University of Seattle,4,Renton,2113,0
2018,234915,City University of Seattle,6,Tacoma,2113,0
2018,234915,City University of Seattle,8,Vancouver,2113,0
2018,234915,City University of Seattle,10,Vancouver- B.C.,2113,0
2018,234915,City University of Seattle,11,Victoria- B.C.,2113,0
2018,234915,City University of Seattle,12,Calgary- AB,2113,0
2018,234915,City University of Seattle,13,Edmonton- AB,2113,0
2018,234915,City University of Seattle,17,Seattle - Main,2113,0
2018,234933,Clark College,1,Main Campus,9878,0
2018,234933,Clark College,2,Columbia Tech Center,9878,0
2018,234951,Clover Park Technical College,1,Lakewood Campus,3905,0
2018,234951,Clover Park Technical College,2,South Hill Campus,3905,0
2018,234979,Columbia Basin College,1,Columbia Basin College,7034,0
2018,177065,Columbia College,26,Columbia College @ Marysville,12080,0
2018,177065,Columbia College,29,Columbia College @ NAS Whidbey Island,12080,0
2018,177065,Columbia College,43,Columbia College @ NS Everett,12080,0
2018,235024,Cornish College of the Arts,1,Cornish College of the Arts,625,0
2018,443410,DigiPen Institute of Technology,1,DigiPen,970,0
2018,235088,Divers Institute of Technology,1,DIVERS INSTITUTE OF TECHNOLOGY,243,0
2018,235097,Eastern Washington University,1,EWU Main Campus,12633,2
2018,235103,Edmonds College,1,Main Campus,8041,0
2018,490294,Elite Cosmetology- Barber & Spa Academy,1,Main Campus,113,0
2018,426314,Embry-Riddle Aeronautical University-Worldwide,30,Everett,14168,0
2018,426314,Embry-Riddle Aeronautical University-Worldwide,111,Seattle,14168,0
2018,426314,Embry-Riddle Aeronautical University-Worldwide,119,Spokane,14168,0
2018,426314,Embry-Riddle Aeronautical University-Worldwide,121,Tacoma,14168,0
2018,426314,Embry-Riddle Aeronautical University-Worldwide,131,Whidbey Island,14168,0
2018,177339,Evangel University,3,Evangel University - Kirkland,2098,0
2018,235149,Everett Community College,1,Everett Community College,7957,0
2018,235149,Everett Community College,2,School of Cosmetology Campus,7957,0
2018,235149,Everett Community College,3,Aviation Campus,7957,0
2018,235149,Everett Community College,4,Corporate and Continuing Education Campus,7957,0
2018,235149,Everett Community College,5,Monroe Center Campus,7957,0
2018,446260,Evergreen Beauty and Barber College-Everett,1,Main Campus,380,0
2018,446260,Evergreen Beauty and Barber College-Everett,2,Renton Campus,380,0
2018,443049,Faith International University,1,Main Campus,196,0
2018,488271,Fosbre Academy of Hair Design,1,Main Campus,102,0
2018,458131,Gary Manuel Aveda Institute,1,Main Campus,108,0
2018,235307,Glen Dow Academy of Hair Design,1,Main Campus,80,0
2018,230889,Goddard College,2,Port Townsend,448,0
2018,235316,Gonzaga University,1,Main Campus,7563,0
2018,235316,Gonzaga University,2,Gonzaga-In-Florence,7563,0
2018,235334,Grays Harbor College,1,Main Campus,1868,1
2018,235334,Grays Harbor College,2,Riverview Education Center,1868,0
2018,235334,Grays Harbor College,3,Columbia Education Center,1868,0
2018,235343,Green River College,1,Main Campus,8471,0
2018,235343,Green River College,2,Kent Campus,8471,0
2018,235343,Green River College,3,Enumclaw Campus,8471,0
2018,235343,Green River College,4,Auburn Center,8471,0
2018,235422,Heritage University,1,Heritage University Main Campus,980,0
2018,235583,Highlights Beauty Schools,1,Main Campus,128,0
2018,407708,Highlights Beauty Schools,1,Branch Campus,180,0
2018,235431,Highline College,1,Highline College,6530,0
2018,235501,International Air and Hospitality Academy,1,Main Campus,110,0
2018,488378,International Beauty Education Center,1,International Beauty Education Center,32,0
2018,235699,Lake Washington Institute of Technology,1,Kirkland Campus,3670,1
2018,235750,Lower Columbia College,1,Lower Columbia College,2819,0
2018,147369,Moody Bible Institute,2,Spokane,3086,0
2018,236072,North Seattle College,1,Main Campus,5929,0
2018,167358,Northeastern University,3,Seattle Campus,21627,0
2018,377546,Northwest College of Art & Design,1,Main,85,1
2018,434362,Northwest HVAC/R Training Center,1,Northwest HVAC/R Association & Training Center,41,0
2018,380377,Northwest Indian College,1,Lummi Campus,535,0
2018,380377,Northwest Indian College,2,Muckleshoot Extended Site,535,0
2018,380377,Northwest Indian College,3,Nez Perce Extended Site,535,0
2018,380377,Northwest Indian College,4,Nisqually Extended Site,535,0
2018,380377,Northwest Indian College,5,Port Gamble Sklallum Extended Site,535,0
2018,380377,Northwest Indian College,6,Swinomish Extended Site,535,0
2018,380377,Northwest Indian College,7,Tulalip Extended Site,535,0
2018,458140,Northwest School of Wooden Boat Building,1,Main Campus,38,0
2018,236133,Northwest University,1,Northwest University,1321,0
2018,487603,Northwest University-College of Adult and Professional Studies,1,Main Campus,1155,0
2018,232982,Old Dominion University,22,ODU at Olympic College,24176,0
2018,236188,Olympic College,1,Bremerton Campus,6620,0
2018,236188,Olympic College,2,Shelton,6620,0
2018,236188,Olympic College,3,Poulsbo,6620,0
2018,236230,Pacific Lutheran University,1,Main Campus,3207,0
2018,455406,Pacific Northwest University of Health Sciences,1,Main campus,570,0
2018,178721,Park University,11,Fairchild AFB,11415,0
2018,235158,Paroba College of Cosmetology,1,Paroba College of Cosmetology,111,0
2018,234924,Paul Mitchell the School-Richland,1,Paul Mitchell the School Richland,260,0
2018,462071,Paul Mitchell the School-Spokane,1,Paul Mitchell the School Spokane,134,0
2018,236258,Peninsula College,1,Main Campus,2052,0
2018,236258,Peninsula College,2,Forks Branch,2052,0
2018,236258,Peninsula College,3,Port Townsend Branch,2052,0
2018,236258,Peninsula College,4,North Olympic Peninsula Skills Center,2052,0
2018,236212,Perry Technical Institute,1,Perry Technical Institute,903,0
2018,235237,Pierce College District,1,Pierce College Fort Steilacoom,6067,0
2018,235237,Pierce College District,2,Pierce College at Joint Base Lewis-McChord- Army,6067,0
2018,235237,Pierce College District,3,Pierce College at Joint Base Lewis-McChord- Air Force,6067,0
2018,449074,Pima Medical Institute-Renton,1,Renton Campus,497,1
2018,368629,Pima Medical Institute-Seattle,1,Seattle Campus,468,0
2018,236382,Renton Technical College,1,Renton Technical College,3546,0
2018,236452,Saint Martin's University,1,Saint Martin's University Lacey Campus,1607,0
2018,236513,Seattle Central College,1,Seattle Central College,6802,0
2018,236513,Seattle Central College,2,Seattle Maritime Academy,6802,0
2018,236513,Seattle Central College,3,Seattle Central Wood Technology Center,6802,0
2018,236513,Seattle Central College,4,Seattle Vocational Institute,6802,0
2018,236513,Seattle Central College,5,Health Education Center,6802,0
2018,488448,Seattle Film Institute,1,Main Campus,100,0
2018,439914,Seattle Institute of East Asian Medicine,1,Main Campus,29,0
2018,236577,Seattle Pacific University,1,Main Campus,3688,0
2018,236595,Seattle University,1,Main Campus,7291,0
2018,236610,Shoreline Community College,1,Shoreline Community College,5949,0
2018,236638,Skagit Valley College,1,Mount Vernon Campus,5159,0
2018,236638,Skagit Valley College,2,Whidbey Island Campus,5159,0
2018,236638,Skagit Valley College,4,San Juan Center,5159,0
2018,236638,Skagit Valley College,5,Marine Technology Center,5159,0
2018,236638,Skagit Valley College,6,Cardinal Craft Brewing Academy,5159,0
2018,236656,South Puget Sound Community College,1,Main Campus,4872,0
2018,236656,South Puget Sound Community College,3,SPSCC Lacey Campus,4872,0
2018,236504,South Seattle College,1,South Seattle College,6177,0
2018,236504,South Seattle College,2,Georgetown Campus,6177,0
2018,137564,Southeastern University,12,Puyallup Campus,8755,0
2018,236692,Spokane Community College,1,Main Campus,10375,0
2018,236692,Spokane Community College,2,SCC Colville,10375,0
2018,236692,Spokane Community College,3,SCC Inchelium,10375,0
2018,236692,Spokane Community College,4,SCC Newport,10375,0
2018,236692,Spokane Community College,5,SCC Republic,10375,0
2018,236692,Spokane Community College,7,SCC Ione,10375,0
2018,236708,Spokane Falls Community College,1,Main Campus,5184,0
2018,236708,Spokane Falls Community College,5,SFCC Pullman Campus,5184,4
2018,485476,Studio Beauty School,1,Main Campus,68,0
2018,236744,Stylemaster College of Hair Design,1,Main Campus,57,0
2018,459550,Summit Salon Academy,1,Main Campus,121,0
2018,236753,Tacoma Community College,1,Tacoma Community College,6242,0
2018,235167,The Evergreen State College,1,Main Campus,3327,1
2018,235167,The Evergreen State College,2,Tacoma Campus,3327,0
2018,441131,The Seattle School of Theology & Psychology,1,The Seattle School of Theology & Psychology Main Campus,242,0
2018,484826,Tint School of Makeup & Cosmetology-Seattle,1,Tint School of Makeup & Cosmetology,53,0
2018,235352,Toni & Guy Hairdressing Academy-Shoreline,1,Evergreen Beauty College - Shoreline,61,0
2018,236328,University of Puget Sound,1,Main Campus,2666,0
2018,377555,University of Washington-Bothell Campus,1,Bothell Campus,5970,0
2018,236948,University of Washington-Seattle Campus,1,Main Campus,47400,4
2018,377564,University of Washington-Tacoma Campus,1,Tacoma Campus,5354,0
2018,451626,Victoria's Academy of Cosmetology,1,Victoria's Academy of Cosmetology,75,0
2018,236887,Walla Walla Community College,1,Walla Walla Campus,3860,0
2018,236887,Walla Walla Community College,2,Clarkston Center,3860,0
2018,236896,Walla Walla University,1,Main Campus,1854,0
2018,236896,Walla Walla University,2,Billings,1854,0
2018,236896,Walla Walla University,3,Missoula,1854,0
2018,236896,Walla Walla University,4,Rosario,1854,0
2018,236896,Walla Walla University,6,Portland,1854,0
2018,236939,Washington State University,1,Pullman Campus,31478,6
2018,236939,Washington State University,2,Vancouver Campus,31478,0
2018,236939,Washington State University,3,Spokane Campus,31478,0
2018,236939,Washington State University,4,Tri Cities,31478,0
2018,236939,Washington State University,5,Everett Campus,31478,0
2018,236975,Wenatchee Valley College,1,Main Campus,3444,1
2018,237011,Western Washington University,1,Bellingham Campus,16121,1
2018,237011,Western Washington University,2,WWU at Shannon Point Marine Center,16121,0
2018,237011,Western Washington University,3,WWU at Bremerton Center at Olympic College,16121,0
2018,237011,Western Washington University,4,WWU at Everett University Center,16121,0
2018,237011,Western Washington University,6,WWU at Peninsula College,16121,0
2018,237011,Western Washington University,7,WWU Center at Olympic College- Poulsbo,16121,0
2018,237039,Whatcom Community College,1,Main Campus,4263,0
2018,237057,Whitman College,1,Whitman College,1475,0
2018,237066,Whitworth University,1,Main Campus,2776,0
2018,237109,Yakima Valley College,1,Main Campus,4456,0
2018,237109,Yakima Valley College,2,Grand View Campus,4456,0
2019,177834,A T Still University of Health Sciences,7,HealthPoint Campus,3857,0
2019,482185,Academy of Interactive Entertainment,1,Seattle Campus,163,0
2019,245883,Antioch University-Seattle,1,Main Campus,665,0
2019,487348,Aveda Institute Portland-Vancouver Campus,1,Aveda Institute Portland Vancouver Campus,103,0
2019,235547,Bastyr University,1,Main Campus,994,0
2019,235547,Bastyr University,2,Bastyr University California,994,0
2019,235547,Bastyr University,3,Seattle Clinic,994,0
2019,235671,Bates Technical College,1,Downtown Campus,4377,0
2019,235671,Bates Technical College,2,South Campus,4377,0
2019,235671,Bates Technical College,3,Central Campus,4377,0
2019,234669,Bellevue College,1,Main Campus,12563,0
2019,234669,Bellevue College,2,North Campus,12563,0
2019,234696,Bellingham Technical College,1,Main Campus,2325,0
2019,234711,Big Bend Community College,1,Main Campus,2131,0
2019,236018,BJ's Beauty & Barber College,1,BJ's Beauty & Barber College,65,0
2019,262086,Brandman University,3,Brandman University - Bangor Campus,10231,0
2019,262086,Brandman University,7,Brandman University - Lacey Campus,10231,0
2019,262086,Brandman University,9,Brandman University - Ft. Lewis Campus,10231,0
2019,262086,Brandman University,10,Brandman University - McChord Field,10231,0
2019,262086,Brandman University,25,Brandman University - Whidbey Island Campus,10231,0
2019,439118,Carrington College-Spokane,1,Carrington College-Spokane,386,0
2019,439190,Cascadia College,1,Main Campus,3387,0
2019,234827,Central Washington University,1,Central Washington University,11658,0
2019,234827,Central Washington University,2,CWU-Yakima,11658,0
2019,234827,Central Washington University,3,CWU-Pierce,11658,0
2019,234827,Central Washington University,4,CWU-Lynnwood,11658,0
2019,234827,Central Washington University,7,CWU-Des Moines,11658,0
2019,234827,Central Washington University,8,CWU-Moses Lake,11658,0
2019,234827,Central Washington University,9,CWU-Wenatchee,11658,0
2019,234827,Central Washington University,13,JBLM (JOINT BASE LEWIS-MCCHORD),11658,0
2019,234827,Central Washington University,14,CWU-Sammamish,11658,0
2019,491260,Centralia Beauty College,1,Main Campus,31,0
2019,234845,Centralia College,1,Centralia College,3077,0
2019,234845,Centralia College,2,Centralia College - East Campus,3077,0
2019,102845,Charter College,1,Charter College-Anchorage,2474,0
2019,102845,Charter College,2,Charter College - Wasilla,2474,0
2019,102845,Charter College,3,Charter College-Pasco,2474,0
2019,102845,Charter College,4,Charter College - Oxnard,2474,0
2019,102845,Charter College,6,Charter College-Vancouver,2474,0
2019,102845,Charter College,7,Charter College - Fife,2474,0
2019,102845,Charter College,8,Charter College-Lacey,2474,0
2019,102845,Charter College,9,Charter College-E Wenatchee,2474,0
2019,102845,Charter College,10,Charter College-Canyon Country,2474,0
2019,102845,Charter College,11,Charter College-Lancaster,2474,0
2019,102845,Charter College,12,Charter College - Yakima,2474,0
2019,102845,Charter College,13,Charter College - Billings,2474,0
2019,102845,Charter College,14,Charter College - Missoula,2474,0
2019,102845,Charter College,15,Charter College - Charter Institute Farmington,2474,0
2019,234915,City University of Seattle,2,Everett,1960,0
2019,234915,City University of Seattle,4,Renton,1960,0
2019,234915,City University of Seattle,6,Tacoma,1960,0
2019,234915,City University of Seattle,8,Vancouver,1960,0
2019,234915,City University of Seattle,10,Vancouver- B.C.,1960,0
2019,234915,City University of Seattle,11,Victoria- B.C.,1960,0
2019,234915,City University of Seattle,12,Calgary- AB,1960,0
2019,234915,City University of Seattle,13,Edmonton- AB,1960,0
2019,234915,City University of Seattle,17,Seattle - Main,1960,0
2019,234933,Clark College,1,Main Campus,9233,0
2019,234933,Clark College,2,Columbia Tech Center,9233,0
2019,234951,Clover Park Technical College,1,Lakewood Campus,3973,0
2019,234951,Clover Park Technical College,2,South Hill Campus,3973,0
2019,234979,Columbia Basin College,1,Columbia Basin College,7280,0
2019,177065,Columbia College,26,Columbia College @ Marysville,9913,0
2019,177065,Columbia College,29,Columbia College @ NAS Whidbey Island,9913,0
2019,177065,Columbia College,43,Columbia College @ NS Everett,9913,0
2019,235024,Cornish College of the Arts,1,Cornish College of the Arts,602,0
2019,443410,DigiPen Institute of Technology,1,DigiPen,1174,0
2019,235088,Divers Institute of Technology,1,DIVERS INSTITUTE OF TECHNOLOGY,231,0
2019,235097,Eastern Washington University,1,EWU Main Campus,12410,0
2019,235103,Edmonds College,1,Main Campus,7877,0
2019,490294,Elite Cosmetology- Barber & Spa Academy,1,Main Campus,97,0
2019,426314,Embry-Riddle Aeronautical University-Worldwide,30,Everett,13773,0
2019,426314,Embry-Riddle Aeronautical University-Worldwide,111,Seattle,13773,0
2019,426314,Embry-Riddle Aeronautical University-Worldwide,119,Spokane,13773,0
2019,426314,Embry-Riddle Aeronautical University-Worldwide,121,Tacoma,13773,0
2019,426314,Embry-Riddle Aeronautical University-Worldwide,131,Whidbey Island,13773,0
2019,177339,Evangel University,3,Evangel University - Kirkland,2300,0
2019,235149,Everett Community College,1,Everett Community College,7977,0
2019,235149,Everett Community College,2,School of Cosmetology Campus,7977,0
2019,235149,Everett Community College,3,Aviation Campus,7977,0
2019,235149,Everett Community College,4,Corporate and Continuing Education Campus,7977,0
2019,235149,Everett Community College,5,Monroe Center Campus,7977,0
2019,446260,Evergreen Beauty and Barber College-Everett,1,Main Campus,510,0
2019,446260,Evergreen Beauty and Barber College-Everett,2,Renton Campus,510,0
2019,446260,Evergreen Beauty and Barber College-Everett,3,Yakima Campus,510,0
2019,443049,Faith International University,1,Main Campus,230,0
2019,488271,Fosbre Academy of Hair Design,1,Main Campus,113,0
2019,458131,Gary Manuel Aveda Institute,1,Main Campus,83,0
2019,235307,Glen Dow Academy of Hair Design,1,Main Campus,128,0
2019,230889,Goddard College,2,Port Townsend,340,0
2019,235316,Gonzaga University,1,Main Campus,7537,0
2019,235316,Gonzaga University,2,Gonzaga-In-Florence,7537,0
2019,235334,Grays Harbor College,1,Main Campus,1853,0
2019,235334,Grays Harbor College,2,Riverview Education Center,1853,0
2019,235334,Grays Harbor College,3,Columbia Education Center,1853,0
2019,235343,Green River College,1,Main Campus,8435,0
2019,235343,Green River College,2,Kent Campus,8435,0
2019,235343,Green River College,3,Enumclaw Campus,8435,0
2019,235343,Green River College,4,Auburn Center,8435,0
2019,235422,Heritage University,1,Heritage University Main Campus,971,0
2019,235583,Highlights Beauty Schools,1,Main Campus,109,0
2019,407708,Highlights Beauty Schools,1,Branch Campus,166,0
2019,235431,Highline College,1,Highline College,6310,0
2019,235501,International Air and Hospitality Academy,1,Main Campus,112,0
2019,488378,International Beauty Education Center,1,International Beauty Education Center,27,0
2019,235699,Lake Washington Institute of Technology,1,Kirkland Campus,3620,0
2019,235750,Lower Columbia College,1,Lower Columbia College,2703,0
2019,147369,Moody Bible Institute,2,Spokane,3009,0
2019,236072,North Seattle College,1,Main Campus,5693,0
2019,167358,Northeastern University,3,Seattle Campus,22207,0
2019,377546,Northwest College of Art & Design,1,Main,95,0
2019,434362,Northwest HVAC/R Training Center,1,Northwest HVAC/R Association & Training Center,44,0
2019,380377,Northwest Indian College,1,Lummi Campus,594,0
2019,380377,Northwest Indian College,2,Muckleshoot Extended Site,594,0
2019,380377,Northwest Indian College,3,Nez Perce Extended Site,594,0
2019,380377,Northwest Indian College,4,Nisqually Extended Site,594,0
2019,380377,Northwest Indian College,5,Port Gamble Sklallum Extended Site,594,0
2019,380377,Northwest Indian College,6,Swinomish Extended Site,594,0
2019,380377,Northwest Indian College,7,Tulalip Extended Site,594,0
2019,458140,Northwest School of Wooden Boat Building,1,Main Campus,39,0
2019,236133,Northwest University,1,Northwest University,1339,0
2019,487603,Northwest University-College of Adult and Professional Studies,1,Main Campus,1130,0
2019,232982,Old Dominion University,22,ODU at Olympic College,23675,0
2019,236188,Olympic College,1,Bremerton Campus,6278,0
2019,236188,Olympic College,2,Shelton,6278,0
2019,236188,Olympic College,3,Poulsbo,6278,0
2019,236230,Pacific Lutheran University,1,Main Campus,3062,0
2019,455406,Pacific Northwest University of Health Sciences,1,Main campus,576,0
2019,178721,Park University,11,Fairchild AFB,11415,0
2019,235158,Paroba College of Cosmetology,1,Paroba College of Cosmetology,109,0
2019,234924,Paul Mitchell the School-Richland,1,Paul Mitchell the School Richland,284,0
2019,462071,Paul Mitchell the School-Spokane,1,Paul Mitchell the School Spokane,155,0
2019,236258,Peninsula College,1,Main Campus,1966,0
2019,236258,Peninsula College,2,Forks Branch,1966,0
2019,236258,Peninsula College,3,Port Townsend Branch,1966,0
2019,236258,Peninsula College,4,North Olympic Peninsula Skills Center,1966,0
2019,236212,Perry Technical Institute,1,Perry Technical Institute,954,0
2019,235237,Pierce College District,1,Pierce College Fort Steilacoom,6195,0
2019,235237,Pierce College District,2,Pierce College at Joint Base Lewis-McChord- Army,6195,0
2019,235237,Pierce College District,3,Pierce College at Joint Base Lewis-McChord- Air Force,6195,0
2019,235237,Pierce College District,4,Pierce College Puyallup,6195,0
2019,235237,Pierce College District,5,Pierce College at Graham,6195,0
2019,449074,Pima Medical Institute-Renton,1,Renton Campus,717,3
2019,368629,Pima Medical Institute-Seattle,1,Seattle Campus,577,0
2019,236382,Renton Technical College,1,Renton Technical College,3755,0
2019,236452,Saint Martin's University,1,Saint Martin's University Lacey Campus,1629,0
2019,236513,Seattle Central College,1,Seattle Central College,6743,0
2019,236513,Seattle Central College,2,Seattle Maritime Academy,6743,0
2019,236513,Seattle Central College,3,Seattle Central Wood Technology Center,6743,0
2019,236513,Seattle Central College,4,Seattle Vocational Institute,6743,0
2019,236513,Seattle Central College,5,Health Education Center,6743,0
2019,488448,Seattle Film Institute,1,Main Campus,106,0
2019,439914,Seattle Institute of East Asian Medicine,1,Main Campus,34,0
2019,236577,Seattle Pacific University,1,Main Campus,3529,0
2019,236595,Seattle University,1,Main Campus,7199,0
2019,236610,Shoreline Community College,1,Shoreline Community College,5884,0
2019,236638,Skagit Valley College,1,Mount Vernon Campus,5085,0
2019,236638,Skagit Valley College,2,Whidbey Island Campus,5085,0
2019,236638,Skagit Valley College,4,San Juan Center,5085,0
2019,236638,Skagit Valley College,5,Marine Technology Center,5085,0
2019,236638,Skagit Valley College,6,Cardinal Craft Brewing Academy,5085,0
2019,236656,South Puget Sound Community College,1,Main Campus,4974,0
2019,236656,South Puget Sound Community College,3,SPSCC Lacey Campus,4974,0
2019,236504,South Seattle College,1,South Seattle College,6141,0
2019,236504,South Seattle College,2,Georgetown Campus,6141,0
2019,137564,Southeastern University,12,Puyallup Campus,9894,0
2019,236692,Spokane Community College,1,Main Campus,10225,0
2019,236692,Spokane Community College,2,SCC Colville,10225,0
2019,236692,Spokane Community College,3,SCC Inchelium,10225,0
2019,236692,Spokane Community College,4,SCC Newport,10225,0
2019,236692,Spokane Community College,5,SCC Republic,10225,0
2019,236692,Spokane Community College,7,SCC Ione,10225,0
2019,236708,Spokane Falls Community College,1,Main Campus,5023,0
2019,236708,Spokane Falls Community College,5,SFCC Pullman Campus,5023,10
2019,485476,Studio Beauty School,1,Main Campus,105,0
2019,236744,Stylemaster College of Hair Design,1,Main Campus,48,0
2019,459550,Summit Salon Academy,1,Main Campus,135,0
2019,236753,Tacoma Community College,1,Tacoma Community College,6095,0
2019,235167,The Evergreen State College,1,Main Campus,2854,0
2019,235167,The Evergreen State College,2,Tacoma Campus,2854,0
2019,441131,The Seattle School of Theology & Psychology,1,The Seattle School of Theology & Psychology Main Campus,258,0
2019,484826,Tint School of Makeup & Cosmetology-Seattle,1,Tint School of Makeup & Cosmetology,69,0
2019,235352,Toni & Guy Hairdressing Academy-Shoreline,1,Evergreen Beauty College - Shoreline,41,0
2019,236328,University of Puget Sound,1,Main Campus,2608,0
2019,377555,University of Washington-Bothell Campus,1,Bothell Campus,5913,0
2019,236948,University of Washington-Seattle Campus,1,Main Campus,47576,0
2019,377564,University of Washington-Tacoma Campus,1,Tacoma Campus,5329,0
2019,451626,Victoria's Academy of Cosmetology,1,Victoria's Academy of Cosmetology,83,0
2019,236887,Walla Walla Community College,1,Walla Walla Campus,3671,0
2019,236887,Walla Walla Community College,2,Clarkston Center,3671,1
2019,236896,Walla Walla University,1,Main Campus,1831,0
2019,236896,Walla Walla University,2,Billings,1831,0
2019,236896,Walla Walla University,3,Missoula,1831,0
2019,236896,Walla Walla University,4,Rosario,1831,0
2019,236896,Walla Walla University,6,Portland,1831,0
2019,236939,Washington State University,1,Pullman Campus,31607,10
2019,236939,Washington State University,2,Vancouver Campus,31607,1
2019,236939,Washington State University,3,Spokane Campus,31607,0
2019,236939,Washington State University,4,Tri Cities,31607,0
2019,236939,Washington State University,5,Everett Campus,31607,0
2019,236975,Wenatchee Valley College,1,Main Campus,3352,1
2019,237011,Western Washington University,1,Bellingham Campus,16142,0
2019,237011,Western Washington University,2,WWU at Shannon Point Marine Center,16142,0
2019,237011,Western Washington University,3,WWU at Bremerton Center at Olympic College,16142,0
2019,237011,Western Washington University,4,WWU at Everett University Center,16142,2
2019,237011,Western Washington University,6,WWU at Peninsula College,16142,0
2019,237011,Western Washington University,7,WWU Center at Olympic College- Poulsbo,16142,0
2019,237039,Whatcom Community College,1,Main Campus,4152,0
2019,237057,Whitman College,1,Whitman College,1579,0
2019,237066,Whitworth University,1,Main Campus,2814,0
2019,237109,Yakima Valley College,1,Main Campus,4650,0
2019,237109,Yakima Valley College,2,Grand View Campus,4650,0
2020,177834,A T Still University of Health Sciences,7,HealthPoint Campus,3995,0
2020,482185,Academy of Interactive Entertainment,1,Seattle Campus,135,0
2020,245883,Antioch University-Seattle,1,Main Campus,735,0
2020,487348,Aveda Institute Portland-Vancouver Campus,1,Aveda Institute Portland Vancouver Campus,156,0
2020,235547,Bastyr University,1,Main Campus,904,0
2020,235547,Bastyr University,2,Bastyr University California,904,0
2020,235547,Bastyr University,3,Seattle Clinic,904,0
2020,235671,Bates Technical College,1,Downtown Campus,3369,0
2020,235671,Bates Technical College,2,South Campus,3369,0
2020,235671,Bates Technical College,3,Central Campus,3369,0
2020,234669,Bellevue College,1,Main Campus,12286,0
2020,234669,Bellevue College,2,North Campus,12286,0
2020,234696,Bellingham Technical College,1,Main Campus,1848,0
2020,234711,Big Bend Community College,1,Main Campus,1892,0
2020,236018,BJ's Beauty & Barber College,1,BJ's Beauty & Barber College,53,0
2020,262086,Brandman University,3,Brandman University - Bangor Campus,10986,0
2020,262086,Brandman University,7,Brandman University - Lacey Campus,10986,0
2020,262086,Brandman University,9,Brandman University - Ft. Lewis Campus,10986,0
2020,262086,Brandman University,10,Brandman University - McChord Field,10986,0
2020,262086,Brandman University,25,Brandman University - Whidbey Island Campus,10986,0
2020,439118,Carrington College-Spokane,1,Carrington College-Spokane,360,0
2020,439190,Cascadia College,1,Main Campus,2597,0
2020,234827,Central Washington University,1,Central Washington University,11174,1
2020,234827,Central Washington University,2,CWU-Yakima,11174,0
2020,234827,Central Washington University,3,CWU-Pierce,11174,0
2020,234827,Central Washington University,4,CWU-Lynnwood,11174,0
2020,234827,Central Washington University,7,CWU-Des Moines,11174,0
2020,234827,Central Washington University,8,CWU-Moses Lake,11174,0
2020,234827,Central Washington University,9,CWU-Wenatchee,11174,0
2020,234827,Central Washington University,13,JBLM (JOINT BASE LEWIS-MCCHORD),11174,0
2020,234827,Central Washington University,14,CWU-Sammamish,11174,0
2020,491260,Centralia Beauty College,1,Main Campus,26,0
2020,234845,Centralia College,1,Centralia College,2314,0
2020,234845,Centralia College,2,Centralia College - East Campus,2314,0
2020,102845,Charter College,1,Charter College-Anchorage,2120,0
2020,102845,Charter College,2,Charter College - Wasilla,2120,0
2020,102845,Charter College,3,Charter College-Pasco,2120,0
2020,102845,Charter College,4,Charter College - Oxnard,2120,0
2020,102845,Charter College,6,Charter College-Vancouver,2120,0
2020,102845,Charter College,7,Charter College - Fife,2120,0
2020,102845,Charter College,8,Charter College-Lacey,2120,0
2020,102845,Charter College,9,Charter College-E Wenatchee,2120,0
2020,102845,Charter College,10,Charter College-Canyon Country,2120,0
2020,102845,Charter College,11,Charter College-Lancaster,2120,0
2020,102845,Charter College,12,Charter College - Yakima,2120,0
2020,102845,Charter College,13,Charter College - Billings,2120,0
2020,102845,Charter College,14,Charter College - Missoula,2120,0
2020,102845,Charter College,15,Charter College - Charter Institute Farmington,2120,0
2020,234915,City University of Seattle,2,Everett,2052,0
2020,234915,City University of Seattle,4,Renton,2052,0
2020,234915,City University of Seattle,6,Tacoma,2052,0
2020,234915,City University of Seattle,8,Vancouver,2052,0
2020,234915,City University of Seattle,10,Vancouver- B.C.,2052,0
2020,234915,City University of Seattle,11,Victoria- B.C.,2052,0
2020,234915,City University of Seattle,12,Calgary- AB,2052,0
2020,234915,City University of Seattle,13,Edmonton- AB,2052,0
2020,234915,City University of Seattle,17,Seattle - Main,2052,0
2020,234933,Clark College,1,Main Campus,7665,0
2020,234933,Clark College,2,Columbia Tech Center,7665,0
2020,234951,Clover Park Technical College,1,Lakewood Campus,3591,0
2020,234951,Clover Park Technical College,2,South Hill Campus,3591,0
2020,234979,Columbia Basin College,1,Columbia Basin College,6745,0
2020,177065,Columbia College,26,Columbia College @ Marysville,8347,0
2020,177065,Columbia College,29,Columbia College @ NAS Whidbey Island,8347,0
2020,177065,Columbia College,43,Columbia College @ NS Everett,8347,0
2020,235024,Cornish College of the Arts,1,Cornish College of the Arts,482,0
2020,443410,DigiPen Institute of Technology,1,DigiPen,1120,0
2020,235088,Divers Institute of Technology,1,DIVERS INSTITUTE OF TECHNOLOGY,229,0
2020,235097,Eastern Washington University,1,EWU Main Campus,12349,1
2020,235103,Edmonds College,1,Main Campus,6545,0
2020,490294,Elite Cosmetology- Barber & Spa Academy,1,Main Campus,141,0
2020,426314,Embry-Riddle Aeronautical University-Worldwide,30,Everett,13904,0
2020,426314,Embry-Riddle Aeronautical University-Worldwide,111,Seattle,13904,0
2020,426314,Embry-Riddle Aeronautical University-Worldwide,119,Spokane,13904,0
2020,426314,Embry-Riddle Aeronautical University-Worldwide,121,Tacoma,13904,0
2020,426314,Embry-Riddle Aeronautical University-Worldwide,131,Whidbey Island,13904,0
2020,177339,Evangel University,3,Evangel University - Kirkland,1999,0
2020,235149,Everett Community College,1,Everett Community College,7580,0
2020,235149,Everett Community College,2,School of Cosmetology Campus,7580,0
2020,235149,Everett Community College,3,Aviation Campus,7580,0
2020,235149,Everett Community College,4,Corporate and Continuing Education Campus,7580,0
2020,235149,Everett Community College,5,Monroe Center Campus,7580,0
2020,446260,Evergreen Beauty and Barber College-Everett,1,Main Campus,597,0
2020,446260,Evergreen Beauty and Barber College-Everett,2,Renton Campus,597,0
2020,446260,Evergreen Beauty and Barber College-Everett,3,Yakima Campus,597,0
2020,446260,Evergreen Beauty and Barber College-Everett,4,Mount Vernon Campus,597,1
2020,443049,Faith International University,1,Main Campus,318,0
2020,488271,Fosbre Academy of Hair Design,1,Main Campus,98,0
2020,458131,Gary Manuel Aveda Institute,1,Main Campus,23,0
2020,495147,Gather 4 Him Christian College,1,Gather 4 Him Christian College- Main Campus,40,0
2020,235307,Glen Dow Academy of Hair Design,1,Main Campus,84,0
2020,230889,Goddard College,2,Port Townsend,366,0
2020,235316,Gonzaga University,1,Main Campus,7295,0
2020,235316,Gonzaga University,2,Gonzaga-In-Florence,7295,0
2020,235334,Grays Harbor College,1,Main Campus,1553,0
2020,235334,Grays Harbor College,2,Riverview Education Center,1553,0
2020,235334,Grays Harbor College,3,Columbia Education Center,1553,0
2020,235343,Green River College,1,Main Campus,7493,0
2020,235343,Green River College,2,Kent Campus,7493,0
2020,235343,Green River College,3,Enumclaw Campus,7493,0
2020,235343,Green River College,4,Auburn Center,7493,0
2020,235422,Heritage University,1,Heritage University Main Campus,999,0
2020,235583,Highlights Beauty Schools,1,Main Campus,120,0
2020,407708,Highlights Beauty Schools,1,Branch Campus,251,0
2020,235431,Highline College,1,Highline College,5829,0
2020,235501,International Air and Hospitality Academy,1,Main Campus,107,0
2020,488378,International Beauty Education Center,1,International Beauty Education Center,35,0
2020,235699,Lake Washington Institute of Technology,1,Kirkland Campus,3319,0
2020,235750,Lower Columbia College,1,Lower Columbia College,2325,0
2020,147369,Moody Bible Institute,2,Spokane,2870,0
2020,236072,North Seattle College,1,Main Campus,5240,0
2020,167358,Northeastern University,3,Seattle Campus,22905,0
2020,377546,Northwest College of Art & Design,1,Main,101,0
2020,434362,Northwest HVAC/R Training Center,1,Northwest HVAC/R Association & Training Center,39,0
2020,380377,Northwest Indian College,1,Lummi Campus,555,0
2020,380377,Northwest Indian College,2,Muckleshoot Extended Site,555,0
2020,380377,Northwest Indian College,3,Nez Perce Extended Site,555,0
2020,380377,Northwest Indian College,4,Nisqually Extended Site,555,0
2020,380377,Northwest Indian College,5,Port Gamble Sklallum Extended Site,555,0
2020,380377,Northwest Indian College,6,Swinomish Extended Site,555,0
2020,380377,Northwest Indian College,7,Tulalip Extended Site,555,0
2020,458140,Northwest School of Wooden Boat Building,1,Main Campus,27,0
2020,236133,Northwest University,1,Northwest University,1184,0
2020,487603,Northwest University-College of Adult and Professional Studies,1,Main Campus,1215,0
2020,232982,Old Dominion University,22,ODU at Olympic College,24286,0
2020,236188,Olympic College,1,Bremerton Campus,5357,0
2020,236188,Olympic College,2,Shelton,5357,0
2020,236188,Olympic College,3,Poulsbo,5357,0
2020,236230,Pacific Lutheran University,1,Main Campus,2907,0
2020,455406,Pacific Northwest University of Health Sciences,1,Main campus,573,0
2020,178721,Park University,11,Fairchild AFB,10165,0
2020,235158,Paroba College of Cosmetology,1,Paroba College of Cosmetology,103,0
2020,234924,Paul Mitchell the School-Richland,1,Paul Mitchell the School Richland,298,0
2020,462071,Paul Mitchell the School-Spokane,1,Paul Mitchell the School Spokane,138,0
2020,236258,Peninsula College,1,Main Campus,1727,0
2020,236258,Peninsula College,2,Forks Branch,1727,0
2020,236258,Peninsula College,3,Port Townsend Branch,1727,0
2020,236258,Peninsula College,4,North Olympic Peninsula Skills Center,1727,0
2020,236212,Perry Technical Institute,1,Perry Technical Institute,881,0
2020,235237,Pierce College District,1,Pierce College Fort Steilacoom,8329,0
2020,235237,Pierce College District,2,Pierce College at Joint Base Lewis-McChord- Army,8329,0
2020,235237,Pierce College District,3,Pierce College at Joint Base Lewis-McChord- Air Force,8329,0
2020,235237,Pierce College District,4,Pierce College Puyallup,8329,0
2020,235237,Pierce College District,5,Pierce College at Graham,8329,0
2020,449074,Pima Medical Institute-Renton,1,Renton Campus,666,4
2020,368629,Pima Medical Institute-Seattle,1,Seattle Campus,646,0
2020,236382,Renton Technical College,1,Renton Technical College,3214,1
2020,236452,Saint Martin's University,1,Saint Martin's University Lacey Campus,1638,0
2020,236513,Seattle Central College,1,Seattle Central College,5763,0
2020,236513,Seattle Central College,2,Seattle Maritime Academy,5763,0
2020,236513,Seattle Central College,3,Seattle Central Wood Technology Center,5763,0
2020,236513,Seattle Central College,4,Seattle Vocational Institute,5763,0
2020,236513,Seattle Central College,5,Health Education Center,5763,0
2020,488448,Seattle Film Institute,1,Main Campus,96,0
2020,439914,Seattle Institute of East Asian Medicine,1,Main Campus,31,0
2020,236577,Seattle Pacific University,1,Main Campus,3601,0
2020,236595,Seattle University,1,Main Campus,7050,0
2020,236610,Shoreline Community College,1,Shoreline Community College,5382,0
2020,236638,Skagit Valley College,1,Mount Vernon Campus,4227,0
2020,236638,Skagit Valley College,2,Whidbey Island Campus,4227,0
2020,236638,Skagit Valley College,4,San Juan Center,4227,0
2020,236638,Skagit Valley College,5,Marine Technology Center,4227,0
2020,236638,Skagit Valley College,6,Cardinal Craft Brewing Academy,4227,0
2020,236656,South Puget Sound Community College,1,Main Campus,4665,0
2020,236656,South Puget Sound Community College,3,SPSCC Lacey Campus,4665,0
2020,236504,South Seattle College,1,South Seattle College,5324,0
2020,236504,South Seattle College,2,Georgetown Campus,5324,0
2020,137564,Southeastern University,12,Puyallup Campus,9546,0
2020,236692,Spokane Community College,1,Main Campus,7081,0
2020,236692,Spokane Community College,2,SCC Colville,7081,0
2020,236692,Spokane Community College,3,SCC Inchelium,7081,0
2020,236692,Spokane Community College,4,SCC Newport,7081,0
2020,236692,Spokane Community College,5,SCC Republic,7081,0
2020,236692,Spokane Community College,7,SCC Ione,7081,0
2020,236708,Spokane Falls Community College,1,Main Campus,4189,0
2020,236708,Spokane Falls Community College,5,SFCC Pullman Campus,4189,4
2020,485476,Studio Beauty School,1,Main Campus,76,0
2020,236744,Stylemaster College of Hair Design,1,Main Campus,45,0
2020,459550,Summit Salon Academy,1,Main Campus,133,0
2020,236753,Tacoma Community College,1,Tacoma Community College,5823,0
2020,235167,The Evergreen State College,1,Main Campus,2281,0
2020,235167,The Evergreen State College,2,Tacoma Campus,2281,0
2020,441131,The Seattle School of Theology & Psychology,1,The Seattle School of Theology & Psychology Main Campus,266,0
2020,484826,Tint School of Makeup & Cosmetology-Seattle,1,Tint School of Makeup & Cosmetology,72,0
2020,235352,Toni & Guy Hairdressing Academy-Shoreline,1,Evergreen Beauty College - Shoreline,48,0
2020,236328,University of Puget Sound,1,Main Campus,2130,0
2020,377555,University of Washington-Bothell Campus,1,Bothell Campus,6304,0
2020,236948,University of Washington-Seattle Campus,1,Main Campus,48149,3
2020,377564,University of Washington-Tacoma Campus,1,Tacoma Campus,5364,0
2020,451626,Victoria's Academy of Cosmetology,1,Victoria's Academy of Cosmetology,45,0
2020,236887,Walla Walla Community College,1,Walla Walla Campus,2940,0
2020,236887,Walla Walla Community College,2,Clarkston Center,2940,0
2020,236896,Walla Walla University,1,Main Campus,1737,0
2020,236896,Walla Walla University,2,Billings,1737,0
2020,236896,Walla Walla University,3,Missoula,1737,0
2020,236896,Walla Walla University,4,Rosario,1737,0
2020,236896,Walla Walla University,6,Portland,1737,0
2020,236939,Washington State University,1,Pullman Campus,31159,7
2020,236939,Washington State University,2,Vancouver Campus,31159,0
2020,236939,Washington State University,3,Spokane Campus,31159,0
2020,236939,Washington State University,4,Tri Cities,31159,0
2020,236939,Washington State University,5,Everett Campus,31159,0
2020,236975,Wenatchee Valley College,1,Main Campus,3090,0
2020,237011,Western Washington University,1,Bellingham Campus,15197,0
2020,237011,Western Washington University,2,WWU at Shannon Point Marine Center,15197,0
2020,237011,Western Washington University,3,WWU at Bremerton Center at Olympic College,15197,0
2020,237011,Western Washington University,4,WWU at Everett University Center,15197,0
2020,237011,Western Washington University,6,WWU at Peninsula College,15197,0
2020,237011,Western Washington University,7,WWU Center at Olympic College- Poulsbo,15197,0
2020,237039,Whatcom Community College,1,Main Campus,2719,0
2020,237057,Whitman College,1,Whitman College,1360,0
2020,237066,Whitworth University,1,Main Campus,2756,0
2020,237109,Yakima Valley College,1,Main Campus,3954,0
2020,237109,Yakima Valley College,2,Grand View Campus,3954,0
